Player,G,PP,POS,SCR,AST,GLS,BLK,+/-,Cmp,Cmp%,Y,TY,RY,OEFF,HA,T,S,D,C,Hck,Hck%,Pul,OPP,DPP,MP,Team,Year,SCR/POS %,BLK/PP %,PM/PP,Y/POS,HA/POS %
Austin Taylor,14,301,352,72,58,14,2,54,619,96.42,7753,5381,2372,63.35,31,18,0,2,0,33,78.57,0,297,4,340,hustle,2025,20.45,0.66,0.18,22.0,8.81
Adam Miller,13,284,324,68,43,25,1,52,469,96.3,5215,3253,1962,62.04,27,16,0,1,0,14,73.68,5,257,27,320,hustle,2025,20.99,0.35,0.18,16.0,8.33
Hayden Austin-Knab,14,297,343,59,37,22,5,45,431,95.35,5703,3393,2310,62.39,33,18,0,1,1,22,75.86,2,288,9,332,hustle,2025,17.2,1.68,0.15,17.0,9.62
Alec Wilson Holliday,13,163,188,45,7,38,4,43,102,94.44,2581,307,2274,65.96,15,6,0,0,0,2,100.00,0,162,1,185,hustle,2025,23.94,2.45,0.26,14.0,7.98
Brett Hulsmeyer,13,323,347,53,28,25,11,39,353,93.39,5561,1832,3729,61.67,32,22,1,3,0,8,47.06,8,245,78,354,hustle,2025,15.27,3.41,0.12,16.0,9.22
Karl Ekwurtzel,14,171,201,35,2,33,3,34,93,96.88,1786,-121,1907,62.19,9,3,0,1,0,0,--,0,161,10,212,hustle,2025,17.41,1.75,0.2,9.0,4.48
Jeremy Langdon,9,146,149,35,16,19,2,31,108,96.43,2121,816,1305,63.76,15,3,0,3,0,2,66.67,4,115,31,151,hustle,2025,23.49,1.37,0.21,14.0,10.07
Dean Ramsey,14,239,117,18,6,12,10,28,18,94.74,935,117,818,53.85,3,0,0,0,1,1,100.00,122,10,229,253,hustle,2025,15.38,4.18,0.12,8.0,2.56
Lukas McClamrock,12,190,95,18,12,6,16,24,104,89.66,1106,764,342,57.89,12,10,0,0,1,1,50.00,0,3,187,211,hustle,2025,18.95,8.42,0.13,12.0,12.63
Tyler Randall,14,260,128,17,7,10,10,23,77,96.25,796,347,449,55.47,9,3,0,1,0,2,100.00,0,0,260,282,hustle,2025,13.28,3.85,0.09,6.0,7.03
Cameron Brock,11,163,193,27,11,16,1,22,174,97.21,2209,894,1315,62.18,10,5,1,1,0,2,100.00,0,163,0,201,hustle,2025,13.99,0.61,0.13,11.0,5.18
Michael Fairley,9,163,84,15,9,6,10,20,58,92.06,931,579,352,53.57,2,5,0,0,1,6,85.71,109,7,156,175,hustle,2025,17.86,6.13,0.12,11.0,2.38
Sean Connole,10,164,187,24,8,16,4,18,136,93.79,1996,675,1321,58.82,10,9,0,1,0,4,80.00,0,133,31,193,hustle,2025,12.83,2.44,0.11,11.0,5.35
Michael Poe,6,84,34,8,2,6,6,14,17,94.44,465,133,332,67.65,3,0,0,0,0,1,100.00,0,0,84,81,hustle,2025,23.53,7.14,0.17,14.0,8.82
Christian Olsen,9,168,202,19,12,7,2,13,371,98.15,2684,2167,517,63.37,22,6,0,2,0,1,50.00,1,161,7,191,hustle,2025,9.41,1.19,0.08,13.0,10.89
Kennith Taylor,11,196,89,10,5,5,10,12,83,91.21,721,542,179,58.43,10,7,0,1,0,3,75.00,6,1,195,204,hustle,2025,11.24,5.1,0.06,8.0,11.24
Trip Crowley,7,64,42,8,0,8,2,10,13,100.0,223,-61,284,50.0,0,0,0,0,0,0,--,0,17,47,73,hustle,2025,19.05,3.12,0.16,5.0,0.0
Jakeem Polk,12,171,81,5,3,2,4,8,22,95.65,204,107,97,46.91,1,1,0,0,0,1,100.00,30,2,169,180,hustle,2025,6.17,2.34,0.05,3.0,1.23
Mike Kobyra,12,139,71,5,2,3,3,8,17,100.0,323,110,213,54.93,3,0,0,0,0,0,--,12,0,139,157,hustle,2025,7.04,2.16,0.06,5.0,4.23
Franky Fernandez,7,100,54,4,3,1,6,7,23,95.83,209,24,185,50.0,0,1,0,2,0,0,--,0,0,100,112,hustle,2025,7.41,6.0,0.07,4.0,0.0
Mark Henke,12,260,266,59,22,37,12,62,169,96.02,3114,752,2362,56.02,16,7,0,2,1,3,75.00,0,173,87,289,sol,2025,22.18,4.62,0.24,12.0,6.02
Eric Brodbeck,13,280,338,49,21,28,4,39,322,94.71,4496,2481,2015,56.8,21,14,0,0,0,2,66.67,0,276,4,305,sol,2025,14.5,1.43,0.14,13.0,6.21
Jackson Potts,8,189,218,49,28,21,2,38,158,92.94,2791,1073,1718,57.8,12,12,0,1,0,5,41.67,4,168,21,199,sol,2025,22.48,1.06,0.2,13.0,5.5
Kyle Henke,13,319,367,57,29,28,12,37,427,91.83,6491,3395,3096,56.13,36,32,1,0,0,16,51.61,1,290,29,337,sol,2025,15.53,3.76,0.12,18.0,9.81
Joey Wylie,11,251,259,40,23,17,5,33,270,96.09,3777,1664,2113,56.76,19,10,0,2,0,2,50.00,0,171,80,272,sol,2025,15.44,1.99,0.13,15.0,7.34
Myles Armstrong,10,205,246,40,18,22,0,28,188,94.95,3051,1311,1740,55.69,18,10,0,2,0,9,90.00,0,201,4,223,sol,2025,16.26,0.0,0.14,12.0,7.32
Owen Johnson,12,183,115,16,4,12,14,26,58,93.55,967,157,810,59.13,8,4,0,0,0,0,--,0,21,162,192,sol,2025,13.91,7.65,0.14,8.0,6.96
Connor DeLuna,9,147,85,17,5,12,9,25,14,93.33,639,74,565,56.47,3,1,0,0,0,0,--,0,2,145,155,sol,2025,20.0,6.12,0.17,8.0,3.53
Reese Bowman,8,174,196,28,13,15,1,21,94,93.07,1851,787,1064,55.1,10,6,0,2,0,4,57.14,1,165,9,179,sol,2025,14.29,0.57,0.12,9.0,5.1
Mick Walter,11,176,120,11,5,6,7,18,68,100.0,899,528,371,50.83,4,0,0,0,0,1,100.00,0,25,151,195,sol,2025,9.17,3.98,0.1,7.0,3.33
Noah Powell,12,180,94,7,1,6,10,17,35,100.0,593,75,518,52.13,2,0,0,0,0,0,--,0,3,177,181,sol,2025,7.45,5.56,0.09,6.0,2.13
Elliott Moore,12,244,274,42,30,12,1,16,379,93.35,4797,3678,1119,54.74,28,26,1,1,0,12,66.67,0,194,50,267,sol,2025,15.33,0.41,0.07,18.0,10.22
Carson Armstrong,12,239,280,29,19,10,0,12,323,95.0,4195,2468,1727,57.86,20,16,0,1,0,6,66.67,0,229,10,254,sol,2025,10.36,0.0,0.05,15.0,7.14
Nicholas DiGiorgio,9,119,112,15,6,9,2,12,56,93.33,926,232,694,54.46,4,4,0,1,0,1,100.00,0,58,61,134,sol,2025,13.39,1.68,0.1,8.0,3.57
Trenton Hebert,8,86,39,11,7,4,2,12,29,96.67,472,252,220,64.1,2,1,0,0,0,1,100.00,3,0,86,77,sol,2025,28.21,2.33,0.14,12.0,5.13
Brandon Dial,11,175,129,11,5,6,4,11,98,96.08,856,392,464,51.16,6,4,0,0,0,0,--,3,27,148,201,sol,2025,8.53,2.29,0.06,7.0,4.65
Alex Janelle,9,97,58,7,5,2,8,9,39,84.78,577,366,211,51.72,4,6,1,0,0,4,66.67,45,0,97,103,sol,2025,12.07,8.25,0.09,10.0,6.9
Daniel Welkener,9,96,67,8,5,3,3,9,46,95.83,695,469,226,59.7,2,2,0,0,0,2,66.67,24,1,95,107,sol,2025,11.94,3.12,0.09,10.0,2.99
Oakley Armstrong,9,108,69,6,1,5,5,7,24,88.89,410,220,190,50.72,5,3,0,1,1,0,--,3,0,108,123,sol,2025,8.7,4.63,0.06,6.0,7.25
Noah Furrh,6,70,36,2,0,2,4,4,6,75.0,156,41,115,36.11,0,2,0,0,0,0,--,0,3,67,69,sol,2025,5.56,5.71,0.06,4.0,0.0
Tobe Decraene,14,267,323,91,50,41,4,72,406,94.42,6502,2230,4272,56.04,25,20,0,3,0,7,63.64,1,248,19,327,glory,2025,28.17,1.5,0.27,20.0,7.74
Jeff Babbitt,12,223,208,28,0,28,24,51,197,98.01,1330,284,1046,52.4,12,1,0,0,0,0,--,0,117,106,277,glory,2025,13.46,10.76,0.23,6.0,5.77
Tannor Johnson-Go,11,192,130,37,25,12,14,43,211,96.35,2357,1113,1244,56.92,11,7,0,1,0,2,40.00,119,28,164,241,glory,2025,28.46,7.29,0.22,18.0,8.46
Orion Cable,15,274,328,57,17,40,5,39,181,90.5,4308,678,3630,54.88,12,19,1,4,0,17,56.67,0,250,24,322,glory,2025,17.38,1.82,0.14,13.0,3.66
Simon Carapella,11,179,234,36,20,16,7,37,304,97.44,2868,1063,1805,58.97,20,4,0,2,0,6,85.71,0,179,0,232,glory,2025,15.38,3.91,0.21,12.0,8.55
Benjamin Sadok,13,226,283,44,30,14,4,35,455,97.01,5349,4216,1133,58.66,21,13,0,0,0,15,78.95,0,226,0,281,glory,2025,15.55,1.77,0.15,19.0,7.42
Calvin Stoughton,12,223,236,48,28,20,7,33,279,92.08,3923,1811,2112,58.9,27,22,0,0,0,8,57.14,1,156,67,274,glory,2025,20.34,3.14,0.15,17.0,11.44
Albert Yuan,15,193,192,24,9,15,4,22,89,95.7,1814,532,1282,56.25,12,2,0,4,0,1,100.00,0,106,87,262,glory,2025,12.5,2.07,0.11,9.0,6.25
Tyler Chan,11,170,134,15,9,6,11,20,115,93.5,1487,793,694,55.22,8,6,0,0,0,4,44.44,2,38,132,212,glory,2025,11.19,6.47,0.12,11.0,5.97
Nathanial Dick,14,225,294,25,11,14,1,16,422,98.14,3462,2605,857,55.78,23,8,0,2,0,2,66.67,0,225,0,300,glory,2025,8.5,0.44,0.07,12.0,7.82
Ivan Tran,11,134,71,7,2,5,8,15,60,100.0,485,135,350,54.93,5,0,0,0,0,1,100.00,0,0,134,170,glory,2025,9.86,5.97,0.11,7.0,7.04
Sebastian Rossi,10,138,76,10,5,5,7,15,34,94.44,716,254,462,63.16,1,2,0,0,0,2,100.00,11,12,126,159,glory,2025,13.16,5.07,0.11,9.0,1.32
Turner Allen,9,126,72,11,6,5,6,15,99,98.02,810,167,643,62.5,5,1,0,1,0,0,--,0,10,116,162,glory,2025,15.28,4.76,0.12,11.0,6.94
Brendan McCann,15,226,133,14,6,8,4,11,161,94.71,1310,1235,75,54.14,8,6,0,1,0,9,81.82,66,7,219,269,glory,2025,10.53,1.77,0.05,10.0,6.02
Topher Davis,12,183,217,15,9,6,3,10,169,96.57,1587,815,772,56.22,13,6,0,2,0,1,33.33,0,155,28,248,glory,2025,6.91,1.64,0.05,7.0,5.99
Wyatt Kellman,3,52,58,15,10,5,2,10,50,84.75,892,358,534,53.45,5,7,0,0,0,3,50.00,0,47,5,62,glory,2025,25.86,3.85,0.19,15.0,8.62
Peter Boerth,4,71,44,10,1,9,2,9,50,94.34,583,170,413,63.64,7,2,0,1,0,0,--,0,14,57,84,glory,2025,22.73,2.82,0.13,13.0,15.91
Benjamin Horrisberger,8,112,61,5,3,2,6,8,44,93.62,381,23,358,57.38,1,2,0,1,0,0,--,0,0,112,135,glory,2025,8.2,5.36,0.07,6.0,1.64
Cole Moore,3,41,28,7,4,3,3,8,17,89.47,147,42,105,57.14,0,2,0,0,0,0,0.00,0,2,39,54,glory,2025,25.0,7.32,0.2,5.0,0.0
Oscar Graff,5,72,37,7,4,3,1,8,96,100.0,534,324,210,62.16,6,0,0,0,0,1,100.00,0,6,66,104,glory,2025,18.92,1.39,0.11,14.0,16.22
Allan Laviolette,11,229,284,89,67,22,6,77,393,94.93,5660,3954,1706,58.1,15,16,0,2,0,32,86.49,0,228,1,261,flyers,2025,31.34,2.62,0.34,20.0,5.28
Jacob Fairfax,10,213,239,52,16,36,5,47,168,96.0,3919,816,3103,60.67,15,7,0,3,0,12,85.71,0,195,18,216,flyers,2025,21.76,2.35,0.22,16.0,6.28
Grayson Sanner,12,241,291,56,24,32,7,43,210,91.7,4387,1407,2980,61.51,21,15,0,5,0,10,83.33,1,237,4,261,flyers,2025,19.24,2.9,0.18,15.0,7.22
Rutledge Smith,8,173,201,41,12,29,3,36,323,97.58,2983,1656,1327,61.69,15,6,0,2,0,0,--,0,166,7,196,flyers,2025,20.4,1.73,0.21,15.0,7.46
Ethan Bloodworth,10,211,148,26,21,5,8,26,181,95.77,1591,805,786,56.76,18,7,0,1,0,3,75.00,3,64,147,239,flyers,2025,17.57,3.79,0.12,11.0,12.16
Terrence Mitchell,11,183,223,34,17,17,4,26,120,93.75,2730,850,1880,61.43,12,8,0,4,0,5,100.00,0,182,1,194,flyers,2025,15.25,2.19,0.14,12.0,5.38
Dylan Hawkins,10,188,223,31,6,25,3,25,149,95.51,1789,350,1439,58.3,16,5,0,4,0,1,33.33,0,176,12,190,flyers,2025,13.9,1.6,0.13,8.0,7.17
Trevor Lynch,6,113,90,21,10,11,2,18,90,94.74,1621,708,913,56.67,6,4,0,1,0,4,80.00,14,53,60,122,flyers,2025,23.33,1.77,0.16,18.0,6.67
William Coffin,10,190,135,19,12,7,13,17,102,86.44,1693,967,726,48.15,4,14,0,1,0,8,53.33,114,52,138,207,flyers,2025,14.07,6.84,0.09,13.0,2.96
Cooper Williams,10,175,108,10,3,7,9,15,38,88.37,582,87,495,50.93,1,4,0,0,0,0,0.00,11,15,160,202,flyers,2025,9.26,5.14,0.09,5.0,0.93
Matt Tucker,12,211,107,11,1,10,9,15,27,87.1,622,52,570,55.14,8,4,0,1,0,0,--,1,1,210,219,flyers,2025,10.28,4.27,0.07,6.0,7.48
Drew Swanson,7,102,49,4,2,2,10,14,9,100.0,232,32,200,51.02,1,0,0,0,0,0,--,0,6,96,102,flyers,2025,8.16,9.8,0.14,5.0,2.04
Suraj Madiraju,10,182,98,14,8,6,2,12,90,94.74,737,424,313,54.08,6,4,0,0,0,1,100.00,0,10,172,204,flyers,2025,14.29,1.1,0.07,8.0,6.12
Andrew Vande Berg,7,105,60,6,1,5,6,10,22,100.0,336,57,279,48.33,2,0,0,2,0,0,--,49,12,93,121,flyers,2025,10.0,5.71,0.1,6.0,3.33
Sean Wiles,8,128,155,11,3,8,0,10,100,99.01,1538,154,1384,64.52,13,1,0,0,0,2,100.00,0,126,2,150,flyers,2025,7.1,0.0,0.08,10.0,8.39
John Wellers,10,156,70,4,1,3,8,9,21,91.3,284,-11,295,62.86,2,2,0,1,0,0,--,0,1,155,170,flyers,2025,5.71,5.13,0.06,4.0,2.86
Christian Belus,3,48,33,6,1,5,3,7,12,85.71,207,17,190,51.52,0,2,0,0,0,0,--,0,6,42,51,flyers,2025,18.18,6.25,0.15,6.0,0.0
Suhas Madiraju,10,164,100,7,3,4,3,7,108,96.43,504,396,108,57.0,4,3,0,0,1,1,100.00,1,15,149,203,flyers,2025,7.0,1.83,0.04,5.0,4.0
Angelo Olcese,8,114,73,8,7,1,2,6,78,95.12,622,527,95,49.32,5,4,0,0,0,1,50.00,0,9,105,142,flyers,2025,10.96,1.75,0.05,9.0,6.85
Walker Matthews,5,49,30,6,4,2,1,5,18,90.0,430,145,285,50.0,1,2,0,0,0,2,100.00,21,5,44,57,flyers,2025,20.0,2.04,0.1,14.0,3.33
Daan De Marrée,10,215,251,78,33,45,19,83,273,95.79,5168,1933,3235,59.36,29,11,0,3,0,5,55.56,4,157,58,233,union,2025,31.08,8.84,0.39,21.0,11.55
Benjamin Preiss,12,234,255,54,16,38,11,55,138,93.88,3126,651,2475,62.75,13,7,0,3,0,3,75.00,0,160,74,245,union,2025,21.18,4.7,0.24,12.0,5.1
Pawel Janas,10,156,132,32,29,3,1,28,228,95.4,1887,1550,337,61.36,13,5,0,0,0,4,44.44,71,33,123,182,union,2025,24.24,0.64,0.18,14.0,9.85
William Wettengel,8,161,113,18,10,8,15,28,63,90.0,1292,390,902,59.29,3,5,0,0,0,2,40.00,6,17,144,182,union,2025,15.93,9.32,0.17,11.0,2.65
Xavier Payne,10,208,174,32,26,6,15,27,306,92.17,2373,2292,81,55.17,16,19,0,1,1,13,59.09,152,27,181,238,union,2025,18.39,7.21,0.13,14.0,9.2
Gabe Schoepke,6,100,92,18,4,14,7,22,14,100.0,663,43,620,52.17,2,0,0,3,0,0,--,1,0,100,118,union,2025,19.57,7.0,0.22,7.0,2.17
Jake Rubin-Miller,11,178,147,16,5,11,9,21,54,94.74,809,210,599,61.9,8,3,0,1,1,1,100.00,0,4,174,222,union,2025,10.88,5.06,0.12,6.0,5.44
Tim Schoch,7,142,111,12,5,7,11,21,58,98.31,572,167,405,56.76,3,0,1,2,0,0,--,0,15,127,156,union,2025,10.81,7.75,0.15,5.0,2.7
Brandon Van Deusen,12,202,264,30,26,4,4,19,358,95.47,3804,3110,694,56.44,28,14,0,1,0,11,78.57,2,188,14,228,union,2025,11.36,1.98,0.09,14.0,10.61
Jesse Johnson,8,116,86,17,5,12,10,19,39,90.7,785,143,642,61.63,7,4,0,4,0,0,0.00,0,1,115,132,union,2025,19.77,8.62,0.16,9.0,8.14
Wilson Matthews,10,147,197,21,1,20,2,19,70,97.22,1489,15,1474,51.27,8,2,0,2,0,0,--,0,139,8,179,union,2025,10.66,1.36,0.13,8.0,4.06
Jeff Gao,8,118,83,14,6,8,4,18,67,100.0,679,316,363,60.24,6,0,0,0,0,0,--,0,0,118,138,union,2025,16.87,3.39,0.15,8.0,7.23
Jack Shanahan,11,177,222,26,14,12,3,18,166,93.79,2563,1180,1383,56.31,18,9,1,2,0,6,60.00,2,168,9,197,union,2025,11.71,1.69,0.1,12.0,8.11
Kyle Rutledge,8,136,174,24,9,15,7,17,170,90.91,2033,1149,884,54.6,10,11,0,3,0,2,33.33,0,109,27,156,union,2025,13.79,5.15,0.12,12.0,5.75
Jake Steslicki,8,131,102,12,7,5,4,15,116,98.31,502,239,263,60.78,7,1,0,0,0,0,--,1,4,127,156,union,2025,11.76,3.05,0.11,5.0,6.86
Sam Kaminsky,7,103,138,15,9,6,1,14,131,100.0,1269,823,446,60.14,12,0,0,2,0,0,--,1,95,8,107,union,2025,10.87,0.97,0.14,9.0,8.7
Jeff Weis,8,163,122,8,0,8,7,13,101,99.02,639,272,367,53.28,10,0,0,2,0,0,--,0,27,136,174,union,2025,6.56,4.29,0.08,5.0,8.2
Nate Astrom,5,63,74,12,5,7,5,12,29,87.88,779,221,558,60.81,3,3,0,2,0,1,33.33,1,40,23,76,union,2025,16.22,7.94,0.19,11.0,4.05
Simon Dastrup,5,84,79,13,5,8,4,12,31,88.57,933,278,655,68.35,2,4,0,1,0,4,100.00,0,33,51,92,union,2025,16.46,4.76,0.14,12.0,2.53
Andrew Sjogren,8,88,73,10,4,6,4,11,33,91.67,599,137,462,63.01,2,3,0,0,0,0,--,0,8,80,105,union,2025,13.7,4.55,0.12,8.0,2.74
Daan De Marrée - CHI,10,215,251,78,33,45,19,83,273,95.79,5168,1933,3235,59.36,29,11,0,3,0,5,55.56,4,157,58,233,summit,2025,31.08,8.84,0.39,21.0,11.55
Allan Laviolette - CAR,11,229,284,89,67,22,6,77,393,94.93,5660,3954,1706,58.1,15,16,0,2,0,32,86.49,0,228,1,261,summit,2025,31.34,2.62,0.34,20.0,5.28
Tobe Decraene - BOS,14,267,323,91,50,41,4,72,406,94.42,6502,2230,4272,56.04,25,20,0,3,0,7,63.64,1,248,19,327,summit,2025,28.17,1.5,0.27,20.0,7.74
John Randolph - NY,13,308,300,70,40,30,6,66,395,96.81,5139,2827,2312,59.0,30,10,0,0,0,11,73.33,0,218,90,339,summit,2025,23.33,1.95,0.21,17.0,10.0
Walker Frankenberg - OAK,12,247,295,84,43,41,4,66,349,94.07,6884,2916,3968,64.07,31,21,0,1,0,7,87.50,0,245,2,248,summit,2025,28.47,1.62,0.27,23.0,10.51
Quentin Bonnaud - MTL,12,250,302,72,19,53,7,64,187,92.12,4578,933,3645,51.32,14,13,0,2,0,7,58.33,0,241,9,265,summit,2025,23.84,2.8,0.26,15.0,4.64
Anthony Gutowsky - MAD,13,301,309,67,11,56,17,63,173,91.53,3523,658,2865,51.13,16,13,0,8,0,1,25.00,0,175,126,335,summit,2025,21.68,5.65,0.21,11.0,5.18
Mark Henke - ATX,12,260,266,59,22,37,12,62,169,96.02,3114,752,2362,56.02,16,7,0,2,1,3,75.00,0,173,87,289,summit,2025,22.18,4.62,0.24,12.0,6.02
Ben Jagt - NY,13,323,354,63,18,45,9,60,199,93.87,4306,622,3684,56.5,21,11,0,1,0,1,25.00,30,282,41,346,summit,2025,17.8,2.79,0.19,12.0,5.93
Jordan Kerr - SLC,14,276,332,70,50,20,5,60,285,94.68,4849,2674,2175,61.45,23,12,0,3,0,15,75.00,0,271,5,274,summit,2025,21.08,1.81,0.22,15.0,6.93
Seth Faris - COL,13,245,238,56,17,39,8,57,75,89.29,2627,1111,1516,57.14,8,7,0,0,0,15,75.00,14,153,92,255,summit,2025,23.53,3.27,0.23,11.0,3.36
Benjamin Preiss - CHI,12,234,255,54,16,38,11,55,138,93.88,3126,651,2475,62.75,13,7,0,3,0,3,75.00,0,160,74,245,summit,2025,21.18,4.7,0.24,12.0,5.1
Noah Coolman - COL,13,299,265,48,26,22,24,55,190,90.91,3794,1568,2226,54.72,17,17,0,0,0,9,64.29,1,108,191,340,summit,2025,18.11,8.03,0.18,14.0,6.42
Austin Taylor - ATL,14,301,352,72,58,14,2,54,619,96.42,7753,5381,2372,63.35,31,18,0,2,0,33,78.57,0,297,4,340,summit,2025,20.45,0.66,0.18,22.0,8.81
Garrett Martin - SEA,11,244,293,68,31,37,4,54,204,94.01,4206,1473,2733,57.34,23,12,0,6,0,9,81.82,0,224,20,275,summit,2025,23.21,1.64,0.22,14.0,7.85
Travis Dunn - SD,12,272,317,70,47,23,7,54,275,92.28,5105,2097,3008,57.73,19,21,0,2,0,15,55.56,0,258,14,273,summit,2025,22.08,2.57,0.2,16.0,5.99
Chad Yorgason - SLC,13,312,342,74,44,30,4,53,277,92.33,6600,3054,3546,60.23,32,22,0,3,0,26,81.25,0,260,52,319,summit,2025,21.64,1.28,0.17,19.0,9.36
Adam Miller - ATL,13,284,324,68,43,25,1,52,469,96.3,5215,3253,1962,62.04,27,16,0,1,0,14,73.68,5,257,27,320,summit,2025,20.99,0.35,0.18,16.0,8.33
Adam Rees - OAK,12,251,284,55,16,39,7,51,222,96.1,4025,1309,2716,62.32,26,8,0,3,0,5,100.00,1,221,30,261,summit,2025,19.37,2.79,0.2,14.0,9.15
Jeff Babbitt - BOS,12,223,208,28,0,28,24,51,197,98.01,1330,284,1046,52.4,12,1,0,0,0,0,--,0,117,106,277,summit,2025,13.46,10.76,0.23,6.0,5.77
Rowan McDonnell,14,265,322,66,42,24,3,41,299,92.28,3750,1638,2112,54.97,15,25,0,3,0,9,50.00,1,261,4,330,breeze,2025,20.5,1.13,0.15,12.0,4.66
Andrew Roy,13,256,310,44,25,19,3,32,641,97.71,5563,4402,1161,53.87,30,14,0,1,0,7,70.00,0,253,3,317,breeze,2025,14.19,1.17,0.12,18.0,9.68
Cole Jurek,9,162,187,39,11,28,1,32,234,97.1,3723,841,2882,60.43,23,6,0,2,0,2,28.57,0,154,8,193,breeze,2025,20.86,0.62,0.2,20.0,12.3
Thomas Edmonds,10,205,221,38,18,20,5,30,304,94.41,3245,1887,1358,52.04,13,13,0,0,0,6,60.00,19,150,55,239,breeze,2025,17.19,2.44,0.15,15.0,5.88
Tyler Monroe,13,224,266,37,25,12,3,29,331,97.64,3258,1497,1761,58.65,28,8,1,3,0,3,75.00,0,223,1,291,breeze,2025,13.91,1.34,0.13,12.0,10.53
Aidan Downey,8,159,152,30,13,17,4,28,165,95.93,2177,689,1488,59.21,16,5,1,1,0,3,60.00,5,105,54,186,breeze,2025,19.74,2.52,0.18,14.0,10.53
Christian Boxley,7,129,141,32,14,18,0,27,163,97.6,1906,355,1551,58.87,8,4,0,1,0,0,--,0,116,13,159,breeze,2025,22.7,0.0,0.21,14.0,5.67
Miles Grovic,8,119,63,9,3,6,12,20,28,96.55,813,133,680,47.62,4,1,0,0,0,0,--,0,12,107,135,breeze,2025,14.29,10.08,0.17,13.0,6.35
Jasper Tom,11,158,90,10,5,5,11,19,87,98.86,466,469,-3,53.33,4,1,0,1,0,2,100.00,0,2,156,185,breeze,2025,11.11,6.96,0.12,5.0,4.44
Kevin Healey,14,187,129,18,5,13,5,18,67,93.06,902,222,680,55.04,2,4,0,1,0,0,--,0,42,145,228,breeze,2025,13.95,2.67,0.1,7.0,1.55
AJ Merriman,14,255,159,19,13,6,10,16,127,90.07,1564,760,804,45.91,5,13,0,0,0,4,36.36,152,42,213,279,breeze,2025,11.95,3.92,0.06,10.0,3.14
Gus Norrbom,10,150,184,20,11,9,0,16,295,98.33,2543,1934,609,56.52,15,4,0,0,0,0,--,0,149,1,195,breeze,2025,10.87,0.0,0.11,14.0,8.15
Coby Loveranes,6,76,83,14,0,14,3,13,49,92.45,1097,146,951,60.24,7,3,0,1,0,0,--,0,70,6,79,breeze,2025,16.87,3.95,0.17,13.0,8.43
Moussa Dia,9,124,82,10,3,7,6,13,51,96.23,678,242,436,52.44,6,2,0,1,0,0,--,0,19,105,153,breeze,2025,12.2,4.84,0.1,8.0,7.32
Micah Wagner,4,65,40,6,1,5,6,12,29,100.0,557,197,360,60.0,2,0,0,0,0,1,100.00,0,0,65,74,breeze,2025,15.0,9.23,0.18,14.0,5.0
Alexandre Fall,12,171,103,7,2,5,9,11,31,88.57,591,-27,618,46.6,2,4,0,1,0,0,--,0,3,168,205,breeze,2025,6.8,5.26,0.06,6.0,1.94
Ben Greenberg,8,98,62,10,7,3,3,10,68,94.44,703,480,223,59.68,1,3,0,0,0,2,100.00,40,1,97,129,breeze,2025,16.13,3.06,0.1,11.0,1.61
Jeff Wodatch,12,177,213,23,10,13,5,10,180,92.31,2845,1030,1815,51.64,16,15,0,3,0,5,62.50,0,167,10,221,breeze,2025,10.8,2.82,0.06,13.0,7.51
Jacques Nissen,13,257,307,37,26,11,3,9,595,94.44,6405,4371,2034,54.07,22,31,0,0,0,14,70.00,0,253,4,325,breeze,2025,12.05,1.17,0.04,21.0,7.17
Rhys Bergeron,8,85,46,6,3,3,3,9,19,100.0,324,134,190,56.52,0,0,0,0,0,1,100.00,1,0,85,107,breeze,2025,13.04,3.53,0.11,7.0,0.0
Connor Concannon,11,239,297,36,10,26,2,20,80,87.91,2767,402,2365,34.68,9,11,0,7,0,4,66.67,0,221,18,243,mechanix,2025,12.12,0.84,0.08,9.0,3.03
Jake Felton,12,292,371,80,62,18,4,16,406,83.88,6542,4760,1782,36.12,18,66,0,2,0,49,59.04,9,276,16,298,mechanix,2025,21.56,1.37,0.05,18.0,4.85
Brendan Gessner,12,269,340,21,4,17,3,15,152,96.2,2275,536,1739,35.29,10,6,0,3,0,2,100.00,0,251,18,281,mechanix,2025,6.18,1.12,0.06,7.0,2.94
Trevor Polisuk-Balfour,8,121,93,11,7,4,9,15,39,88.64,886,346,540,30.11,3,5,0,0,0,4,80.00,0,23,98,143,mechanix,2025,11.83,7.44,0.12,10.0,3.23
Trey Koch,11,171,174,16,4,12,5,14,46,90.2,1041,171,870,29.89,3,4,0,3,0,0,--,0,111,60,182,mechanix,2025,9.2,2.92,0.08,6.0,1.72
Nathan Ploeger,9,185,200,18,6,12,2,13,64,85.33,1703,411,1292,34.5,6,7,0,0,0,1,50.00,0,137,48,192,mechanix,2025,9.0,1.08,0.07,9.0,3.0
David Cox,10,190,251,27,10,17,6,11,119,87.5,2498,1027,1471,37.05,15,16,0,6,1,6,33.33,0,187,3,199,mechanix,2025,10.76,3.16,0.06,10.0,5.98
Darren Dyer,2,34,27,5,1,4,5,10,5,100.0,271,12,259,33.33,1,0,0,0,0,0,--,0,4,30,50,mechanix,2025,18.52,14.71,0.29,10.0,3.7
Justin Perticone,8,188,256,20,10,10,5,10,187,93.5,2380,918,1462,39.06,19,11,0,4,0,2,40.00,0,180,8,209,mechanix,2025,7.81,2.66,0.05,9.0,7.42
Malachi Neil,6,101,131,11,6,5,2,8,54,91.53,921,342,579,35.88,4,5,0,0,0,0,0.00,1,85,16,116,mechanix,2025,8.4,1.98,0.08,7.0,3.05
Gregory Moreno,9,170,110,10,7,3,10,6,85,86.73,845,350,495,29.09,4,13,0,1,0,1,33.33,0,37,133,176,mechanix,2025,9.09,5.88,0.04,8.0,3.64
Terry Gaither,8,124,86,6,1,5,2,6,14,93.33,231,12,219,27.91,0,1,0,1,0,0,--,0,39,85,134,mechanix,2025,6.98,1.61,0.05,3.0,0.0
Richard Ware,9,102,56,3,0,3,3,5,9,90.0,175,-16,191,25.0,2,0,0,1,0,0,--,0,9,93,98,mechanix,2025,5.36,2.94,0.05,3.0,3.57
Chris Walsh,2,40,53,6,5,1,2,4,63,92.65,832,538,294,41.51,1,4,0,0,0,2,100.00,0,40,0,42,mechanix,2025,11.32,5.0,0.1,16.0,1.89
Collin Hill,8,176,243,15,9,6,6,3,218,91.21,2299,1414,885,39.51,10,16,0,2,0,4,50.00,0,176,0,189,mechanix,2025,6.17,3.41,0.02,9.0,4.12
David Zoldan,3,44,35,4,1,3,1,3,11,84.62,277,68,209,45.71,2,2,0,0,0,0,--,0,11,33,51,mechanix,2025,11.43,2.27,0.07,8.0,5.71
Erik Olsen,6,68,41,0,0,0,3,2,8,88.89,63,23,40,24.39,0,1,0,0,0,0,--,0,14,54,68,mechanix,2025,0.0,4.41,0.03,2.0,0.0
Justin Wollin,4,81,92,7,2,5,1,1,88,93.62,1040,706,334,41.3,7,4,0,3,0,1,50.00,0,81,0,73,mechanix,2025,7.61,1.23,0.01,11.0,7.61
Mitchell Savage,7,105,54,1,0,1,1,1,21,95.45,258,88,170,27.78,3,0,0,1,0,0,--,0,14,91,106,mechanix,2025,1.85,0.95,0.01,5.0,5.56
Anthony Grigoletti,4,26,13,0,0,0,0,0,2,100.0,57,26,31,23.08,0,0,0,0,0,0,--,0,0,26,30,mechanix,2025,0.0,0.0,0.0,4.0,0.0
Jordan Salazar,11,224,213,31,10,21,4,30,117,96.69,2554,522,2032,51.17,10,3,0,2,0,1,100.00,0,151,73,235,havoc,2025,14.55,1.79,0.13,12.0,4.69
Mark Turner,9,142,170,38,21,17,3,29,142,91.61,2399,1273,1126,54.12,9,11,0,1,0,7,77.78,0,139,3,150,havoc,2025,22.35,2.11,0.2,14.0,5.29
Kyle Kolafa,6,96,85,20,4,16,5,23,34,91.89,970,171,799,57.65,4,1,0,1,0,1,100.00,1,58,38,102,havoc,2025,23.53,5.21,0.24,11.0,4.71
Jimmy Zuraw,11,249,268,38,26,12,7,21,337,93.87,4102,2541,1561,52.24,25,19,1,5,0,11,78.57,20,201,48,263,havoc,2025,14.18,2.81,0.08,15.0,9.33
Ben Lewis,6,140,152,23,7,16,4,20,102,93.58,2191,736,1455,50.66,10,4,0,3,0,4,80.00,0,104,36,150,havoc,2025,15.13,2.86,0.14,14.0,6.58
Mark Baldauf,11,163,166,27,20,7,4,19,206,93.64,2387,1370,1017,45.78,8,12,0,0,0,6,75.00,1,130,33,167,havoc,2025,16.27,2.45,0.12,14.0,4.82
Caiden Burt,12,193,127,16,4,12,6,17,40,88.89,981,201,780,37.01,3,4,0,1,0,2,66.67,0,52,141,210,havoc,2025,12.6,3.11,0.09,8.0,2.36
Zachary Cotter,12,189,127,18,7,11,10,17,77,88.51,1717,562,1155,38.58,5,8,0,3,0,5,62.50,52,51,138,198,havoc,2025,14.17,5.29,0.09,14.0,3.94
Brendan Adams,11,195,209,24,10,14,2,14,196,93.78,2675,1532,1143,50.24,14,12,0,0,0,7,63.64,1,166,29,209,havoc,2025,11.48,1.03,0.07,13.0,6.7
Xavier Fuzat,3,72,76,14,6,8,3,14,66,95.65,928,254,674,50.0,6,2,0,1,0,1,50.00,0,55,17,82,havoc,2025,18.42,4.17,0.19,12.0,7.89
Brian Gfroerer,10,179,213,23,9,14,0,13,158,96.34,2406,631,1775,53.05,13,5,0,5,0,0,0.00,0,174,5,184,havoc,2025,10.8,0.0,0.07,11.0,6.1
Max Grove,10,187,143,14,11,3,6,13,93,93.0,1373,524,849,35.66,9,6,0,1,0,6,85.71,2,69,118,213,havoc,2025,9.79,3.21,0.07,10.0,6.29
Bryan Downey,9,91,84,11,6,5,1,9,67,95.71,1158,774,384,46.43,9,3,0,0,0,7,100.00,0,42,49,92,havoc,2025,13.1,1.1,0.1,14.0,10.71
Dalton Smith,4,79,91,14,9,5,1,9,153,95.63,1240,1041,199,58.24,9,6,0,0,0,2,66.67,0,67,12,85,havoc,2025,15.38,1.27,0.11,14.0,9.89
Steven Kelly,12,177,127,13,3,10,5,9,51,85.0,796,110,686,37.01,3,7,0,2,0,0,0.00,2,65,112,182,havoc,2025,10.24,2.82,0.05,6.0,2.36
Chase Cunningham,7,166,174,28,20,8,4,8,219,89.02,3003,1940,1063,52.87,14,22,0,2,0,5,38.46,22,128,38,166,havoc,2025,16.09,2.41,0.05,17.0,8.05
Cam Albin,5,73,65,9,5,4,1,7,56,96.55,780,228,552,53.85,6,2,0,1,0,1,50.00,0,43,30,83,havoc,2025,13.85,1.37,0.1,12.0,9.23
Jeff Zhou,5,68,37,5,4,1,2,7,15,100.0,278,109,169,35.14,1,0,0,0,0,0,--,0,14,54,70,havoc,2025,13.51,2.94,0.1,8.0,2.7
Toya Chukwumerije,10,109,55,2,0,2,5,7,11,100.0,125,31,94,30.91,2,0,0,0,0,0,--,0,10,99,109,havoc,2025,3.64,4.59,0.06,2.0,3.64
Caleb Dixon,5,77,96,11,6,5,0,5,122,94.57,1589,1299,290,51.04,3,6,0,0,0,4,66.67,0,77,0,81,havoc,2025,11.46,0.0,0.06,17.0,3.12
Seth Gudeman,10,244,288,46,19,27,20,44,266,90.78,3887,1349,2538,38.89,15,22,1,0,1,6,42.86,29,189,55,272,alleycats,2025,15.97,8.2,0.18,13.0,5.21
Carson Chamberlain,9,179,241,31,14,17,4,27,161,94.71,2827,962,1865,41.08,16,6,0,2,0,2,50.00,0,170,9,210,alleycats,2025,12.86,2.23,0.15,12.0,6.64
Cole Hyzer,12,230,289,42,28,14,12,26,258,88.05,4500,2182,2318,38.41,12,27,0,1,0,15,62.50,7,195,35,273,alleycats,2025,14.53,5.22,0.11,16.0,4.15
Jason Kempe,11,188,185,20,11,9,18,25,207,93.67,1985,1136,849,38.38,13,12,0,1,0,0,0.00,0,82,106,223,alleycats,2025,10.81,9.57,0.13,11.0,7.03
Jack Galle,8,173,193,24,5,19,8,23,122,95.31,1654,314,1340,37.31,5,6,0,3,0,1,100.00,0,117,56,193,alleycats,2025,12.44,4.62,0.13,9.0,2.59
Samuel Ingham,10,179,188,33,16,17,3,20,122,90.37,2568,844,1724,39.36,5,13,0,3,0,0,0.00,0,94,85,207,alleycats,2025,17.55,1.68,0.11,14.0,2.66
Joel Close,9,150,123,11,6,5,8,15,72,93.51,1141,441,700,48.78,4,4,0,0,0,1,100.00,13,69,81,146,alleycats,2025,8.94,5.33,0.1,9.0,3.25
Mace Chope,10,136,95,9,2,7,4,11,21,87.5,558,49,509,46.32,1,1,0,1,0,0,--,14,30,106,134,alleycats,2025,9.47,2.94,0.08,6.0,1.05
Jack Havey,8,164,197,18,7,11,2,9,175,95.63,2385,1228,1157,42.13,12,7,0,4,0,1,33.33,0,135,29,179,alleycats,2025,9.14,1.22,0.05,12.0,6.09
Robby Davenport,12,159,127,18,7,11,4,9,125,89.93,1428,793,635,42.52,12,12,0,1,0,3,50.00,2,44,115,165,alleycats,2025,14.17,2.52,0.06,11.0,9.45
Ben Close,9,145,132,11,5,6,6,8,103,91.15,1186,529,657,41.67,6,9,0,0,0,2,100.00,26,64,81,154,alleycats,2025,8.33,4.14,0.06,9.0,4.55
Owen Woodward,4,58,54,7,0,7,1,7,19,86.36,447,160,287,40.74,1,1,0,0,0,0,0.00,0,15,43,64,alleycats,2025,12.96,1.72,0.12,8.0,1.85
Michael Ames,8,142,158,15,12,3,0,6,248,96.12,2017,1816,201,45.57,14,9,0,0,0,3,60.00,8,104,38,150,alleycats,2025,9.49,0.0,0.04,13.0,8.86
Ryan Wartenberg,11,169,138,6,0,6,6,6,52,89.66,1105,294,811,39.13,7,5,0,1,0,1,50.00,0,43,126,195,alleycats,2025,4.35,3.55,0.04,8.0,5.07
Drew Happe,5,73,59,7,5,2,5,5,56,90.32,604,310,294,38.98,1,6,0,1,0,1,33.33,29,25,48,77,alleycats,2025,11.86,6.85,0.07,10.0,1.69
Joey Cari,6,98,126,8,5,3,3,5,163,97.02,1203,838,365,34.92,2,4,0,2,0,1,50.00,0,78,20,125,alleycats,2025,6.35,3.06,0.05,10.0,1.59
Tanner Graham,9,109,92,6,3,3,4,5,66,88.0,422,150,272,38.04,5,5,0,0,0,1,100.00,0,21,88,140,alleycats,2025,6.52,3.67,0.05,5.0,5.43
Matthew Weaver,6,75,73,9,5,4,3,4,42,85.71,518,219,299,28.77,2,7,0,1,0,1,25.00,2,24,51,91,alleycats,2025,12.33,4.0,0.05,7.0,2.74
Jack Kempe,5,81,76,4,3,1,2,3,63,94.03,648,445,203,34.21,4,3,0,0,0,1,50.00,0,38,43,86,alleycats,2025,5.26,2.47,0.04,9.0,5.26
Nicholas Betsch,10,203,169,26,18,8,7,3,188,86.24,2584,1850,734,39.64,8,27,0,3,0,8,61.54,32,76,127,202,alleycats,2025,15.38,3.45,0.01,15.0,4.73
Jonathan Lyle,11,229,278,67,42,25,2,47,293,93.31,5265,2336,2929,49.28,28,18,0,4,0,21,75.00,0,225,4,256,aviators,2025,24.1,0.87,0.21,19.0,10.07
Sean McDougall,8,179,206,36,19,17,12,40,139,94.56,2454,855,1599,47.57,10,8,0,0,0,7,63.64,0,161,18,185,aviators,2025,17.48,6.7,0.22,12.0,4.85
James Franklin,9,201,234,54,27,27,0,34,164,89.62,3756,1306,2450,49.15,13,19,0,1,0,13,65.00,0,189,12,212,aviators,2025,23.08,0.0,0.17,16.0,5.56
Max Combs,12,227,183,30,12,18,16,34,229,94.63,2329,915,1414,47.54,13,10,0,2,0,1,33.33,6,79,148,276,aviators,2025,16.39,7.05,0.15,13.0,7.1
Dox Raskin,11,189,134,17,12,5,7,16,130,94.89,1088,663,425,40.3,6,7,1,1,0,0,0.00,36,40,149,212,aviators,2025,12.69,3.7,0.08,8.0,4.48
Kevin Goldberg,12,226,282,36,16,20,3,14,441,94.84,4996,2224,2772,46.45,20,21,0,4,0,6,54.55,0,224,2,256,aviators,2025,12.77,1.33,0.06,18.0,7.09
Mitchell Steiner,10,195,154,14,9,5,8,14,160,94.12,1522,559,963,40.91,9,8,1,0,1,1,33.33,15,73,122,225,aviators,2025,9.09,4.1,0.07,10.0,5.84
Cy Toriello,12,189,132,12,5,7,8,13,80,91.95,863,402,461,40.91,4,6,0,1,0,2,66.67,4,38,151,218,aviators,2025,9.09,4.23,0.07,7.0,3.03
Nicholas Dunbar,11,154,113,13,6,7,6,12,67,91.78,1225,372,853,33.63,2,5,0,2,1,1,33.33,19,47,107,175,aviators,2025,11.5,3.9,0.08,11.0,1.77
Owen Shaff,12,173,107,8,3,5,10,10,37,86.05,890,280,610,32.71,3,5,0,3,0,2,66.67,0,26,147,204,aviators,2025,7.48,5.78,0.06,8.0,2.8
Michael Kiyoi,9,160,197,20,9,11,0,9,167,95.43,2267,1361,906,52.28,18,8,0,3,0,5,100.00,0,159,1,177,aviators,2025,10.15,0.0,0.06,12.0,9.14
Royce Grundy,7,69,44,5,3,2,3,6,14,93.33,257,102,155,31.82,0,1,0,1,0,0,--,0,5,64,97,aviators,2025,11.36,4.35,0.09,6.0,0.0
Eddie Finley,6,87,61,3,1,2,5,5,21,87.5,204,14,190,42.62,2,3,0,0,0,0,--,0,22,65,91,aviators,2025,4.92,5.75,0.06,3.0,3.28
Hudson Stuck,6,64,46,4,0,4,1,5,34,100.0,476,195,281,36.96,1,0,0,0,0,0,--,0,10,54,98,aviators,2025,8.7,1.56,0.08,10.0,2.17
Mateo Dominguez,10,193,235,13,5,8,1,5,402,95.71,3025,2505,520,51.49,21,9,1,0,0,3,100.00,0,191,2,221,aviators,2025,5.53,0.52,0.03,13.0,8.94
Jason Lee,6,58,45,1,0,1,3,4,17,100.0,156,0,156,26.67,0,0,0,0,0,0,--,0,10,48,92,aviators,2025,2.22,5.17,0.07,3.0,0.0
Everett Grass,11,132,88,5,1,4,3,3,100,95.24,762,470,292,40.91,4,4,0,1,0,0,0.00,0,27,105,161,aviators,2025,5.68,2.27,0.02,9.0,4.55
Zac Schakner,7,74,42,3,1,2,4,3,38,88.37,238,-1,239,30.95,2,4,0,0,0,0,0.00,1,12,62,103,aviators,2025,7.14,5.41,0.04,6.0,4.76
Andrew Padula,10,170,114,8,3,5,6,2,155,93.37,744,581,163,41.23,4,10,0,2,0,0,--,0,32,138,197,aviators,2025,7.02,3.53,0.01,7.0,3.51
Isaac Hsu,3,35,23,1,1,0,3,2,20,90.91,101,74,27,26.09,0,2,0,0,0,1,100.00,19,1,34,41,aviators,2025,4.35,8.57,0.06,4.0,0.0
Anthony Gutowsky,13,301,309,67,11,56,17,63,173,91.53,3523,658,2865,51.13,16,13,0,8,0,1,25.00,0,175,126,335,radicals,2025,21.68,5.65,0.21,11.0,5.18
Kainoa Chun-Moy,13,226,252,53,36,17,13,50,254,93.04,3373,1536,1837,52.78,18,14,1,2,0,9,64.29,2,159,67,271,radicals,2025,21.03,5.75,0.22,13.0,7.14
Pieran Robert,13,250,189,25,6,19,15,34,52,92.86,1418,214,1204,51.85,7,4,0,2,0,0,--,0,48,202,267,radicals,2025,13.23,6.0,0.14,8.0,3.7
Luke Marks,12,184,130,16,10,6,22,30,45,90.0,619,325,294,51.54,2,5,0,3,0,2,50.00,27,4,180,194,radicals,2025,12.31,11.96,0.16,5.0,1.54
Mitchell McCarthy,13,207,178,30,12,18,12,26,127,88.19,2038,1222,816,52.25,11,15,1,1,0,7,63.64,33,53,154,227,radicals,2025,16.85,5.8,0.13,11.0,6.18
Nico Ranabhat,11,169,211,35,11,24,3,26,117,93.6,2179,497,1682,54.03,10,7,0,5,0,2,66.67,1,141,28,204,radicals,2025,16.59,1.78,0.15,10.0,4.74
Jake Carrico,13,183,157,29,23,6,6,24,112,89.6,1914,1134,780,54.14,12,10,0,1,1,6,100.00,1,53,130,197,radicals,2025,18.47,3.28,0.13,12.0,7.64
Eric Sjostrom,7,113,152,25,19,6,2,19,220,96.49,2714,2287,427,52.63,10,7,0,1,0,12,92.31,0,112,1,146,radicals,2025,16.45,1.77,0.17,18.0,6.58
Sam Stark,12,197,161,16,9,7,10,18,60,90.91,1437,647,790,52.8,7,5,0,3,0,6,85.71,24,47,150,205,radicals,2025,9.94,5.08,0.09,9.0,4.35
Gabe Vordick,12,200,271,29,13,16,3,14,254,95.13,2679,692,1987,47.6,34,12,0,6,0,3,50.00,1,197,3,262,radicals,2025,10.7,1.5,0.07,10.0,12.55
Jack Nelson,7,78,125,15,10,5,3,14,50,86.21,1308,515,793,37.6,3,4,0,0,0,5,71.43,0,78,0,107,radicals,2025,12.0,3.85,0.18,10.0,2.4
Joshua Wilson,11,162,140,17,11,6,5,14,138,92.62,1613,1078,535,45.71,4,6,1,2,0,6,66.67,45,47,115,185,radicals,2025,12.14,3.09,0.09,12.0,2.86
Ted Schewe,12,191,260,23,15,8,3,12,338,94.94,3232,2447,785,48.85,15,13,0,1,0,6,75.00,0,191,0,236,radicals,2025,8.85,1.57,0.06,12.0,5.77
Joe Leibforth,10,161,107,9,4,5,6,11,22,73.33,479,115,364,52.34,2,4,0,0,0,0,0.00,0,0,161,182,radicals,2025,8.41,3.73,0.07,4.0,1.87
Kai DeLorenzo,12,234,247,17,6,11,9,8,161,88.46,2380,1243,1137,45.75,9,17,0,1,1,6,75.00,52,134,100,271,radicals,2025,6.88,3.85,0.03,10.0,3.64
Kai Marcus,9,121,173,22,21,1,1,8,167,89.78,2073,1571,502,44.51,9,15,0,0,0,8,53.33,0,121,0,153,radicals,2025,12.72,0.83,0.07,12.0,5.2
Max Sample,6,67,87,13,3,10,1,7,57,95.0,882,208,674,42.53,5,3,0,4,0,1,33.33,0,62,5,90,radicals,2025,14.94,1.49,0.1,10.0,5.75
David Nester,4,48,40,8,6,2,1,6,18,90.0,313,224,89,57.5,2,2,0,1,0,0,0.00,0,2,46,51,radicals,2025,20.0,2.08,0.12,8.0,5.0
Max Junga,6,60,32,4,4,0,3,6,7,87.5,259,176,83,53.13,1,1,0,0,0,3,75.00,0,1,59,52,radicals,2025,12.5,5.0,0.1,8.0,3.12
Mac Weber,11,193,132,7,2,5,7,6,89,92.71,711,456,255,49.24,6,7,0,1,0,1,33.33,0,21,172,207,radicals,2025,5.3,3.63,0.03,5.0,4.55
Bryan Vohnoutka,16,311,333,58,27,31,8,46,268,92.1,4493,1872,2621,54.05,24,19,0,1,0,6,60.00,2,224,87,337,windchill,2025,17.42,2.57,0.15,13.0,7.21
Paul Krenik,15,270,278,40,13,27,11,41,186,95.38,2714,1034,1680,50.36,10,7,0,3,1,2,66.67,0,157,113,309,windchill,2025,14.39,4.07,0.15,10.0,3.6
Dylan DeClerck,13,217,189,29,6,23,12,37,52,92.86,1126,163,963,47.62,3,4,0,0,0,1,33.33,0,39,178,282,windchill,2025,15.34,5.53,0.17,6.0,1.59
Gordon Larson,16,279,333,53,35,18,4,33,401,94.35,4710,2833,1877,52.55,33,20,0,4,0,6,60.00,0,250,29,310,windchill,2025,15.92,1.43,0.12,14.0,9.91
Tristan Van de Moortele,16,325,298,49,33,16,6,33,398,94.76,4015,2635,1380,49.66,26,20,0,2,0,8,53.33,8,104,221,395,windchill,2025,16.44,1.85,0.1,13.0,8.72
Thomas Shope,10,182,182,26,5,21,9,32,83,96.51,1663,320,1343,53.3,11,2,0,1,0,1,100.00,0,91,91,210,windchill,2025,14.29,4.95,0.18,9.0,6.04
Justin Burnett,14,250,194,22,10,12,21,31,71,91.03,1681,571,1110,46.91,7,7,1,5,1,1,50.00,1,14,236,300,windchill,2025,11.34,8.4,0.12,9.0,3.61
Noah Hanson,15,223,187,24,14,10,19,31,85,86.73,1481,749,732,51.87,6,11,0,1,0,4,50.00,0,5,218,289,windchill,2025,12.83,8.52,0.14,8.0,3.21
Blake Krapfl,14,210,157,18,8,10,15,30,23,88.46,729,235,494,54.14,7,3,0,0,1,2,100.00,0,0,210,247,windchill,2025,11.46,7.14,0.14,5.0,4.46
James Pollard,15,275,229,30,16,14,16,28,91,83.49,2074,880,1194,47.6,10,14,1,4,1,9,50.00,158,79,196,298,windchill,2025,13.1,5.82,0.1,9.0,4.37
William Brandt,14,235,291,52,39,13,2,28,430,94.51,5391,3255,2136,51.2,24,21,0,5,0,6,85.71,0,231,4,270,windchill,2025,17.87,0.85,0.12,19.0,8.25
Greg Cousins,13,181,218,28,7,21,3,25,113,95.76,2257,931,1326,57.34,14,4,0,2,0,6,66.67,1,165,16,216,windchill,2025,12.84,1.66,0.14,10.0,6.42
Max Hanscom,10,155,121,12,2,10,15,25,32,94.12,607,131,476,53.72,5,2,0,0,0,0,--,0,7,148,185,windchill,2025,9.92,9.68,0.16,5.0,4.13
Cameron Lacy,16,235,192,26,15,11,7,22,137,90.73,1303,961,342,55.21,15,11,1,0,0,4,50.00,157,6,229,299,windchill,2025,13.54,2.98,0.09,7.0,7.81
Kyle Suelflow,9,136,106,15,6,9,7,17,28,84.85,775,277,498,50.94,3,5,0,0,0,3,60.00,0,15,121,152,windchill,2025,14.15,5.15,0.12,7.0,2.83
Colin Berry,14,171,175,21,9,12,7,16,84,89.36,1511,666,845,49.14,10,10,0,2,0,5,62.50,0,71,100,208,windchill,2025,12.0,4.09,0.09,9.0,5.71
Gabe Jagt,6,78,76,15,6,9,3,16,30,93.75,991,296,695,71.05,6,2,0,0,0,1,50.00,0,40,38,65,windchill,2025,19.74,3.85,0.21,13.0,7.89
Josh Klane,14,243,293,36,28,8,3,14,334,92.52,3957,2857,1100,50.51,21,22,0,3,0,15,51.72,1,236,7,269,windchill,2025,12.29,1.23,0.06,14.0,7.17
Matthew Johnson,8,117,91,8,2,6,6,14,18,94.74,509,138,371,65.93,9,0,0,0,0,0,--,0,5,112,126,windchill,2025,8.79,5.13,0.12,6.0,9.89
Matthew Rehder,10,176,198,29,13,16,5,14,120,84.51,2183,1008,1175,50.0,5,19,0,1,0,1,25.00,0,162,14,177,windchill,2025,14.65,2.84,0.08,11.0,2.53
Quentin Bonnaud,12,250,302,72,19,53,7,64,187,92.12,4578,933,3645,51.32,14,13,0,2,0,7,58.33,0,241,9,265,royal,2025,23.84,2.8,0.26,15.0,4.64
Christophe Tremblay-Joncas,11,243,273,56,44,12,11,41,258,90.85,5181,3004,2177,49.82,22,21,0,5,0,26,81.25,9,209,34,264,royal,2025,20.51,4.53,0.17,19.0,8.06
Charles Guay,12,215,148,21,8,13,19,32,131,92.91,1381,870,511,49.32,12,8,0,0,0,1,50.00,0,43,172,239,royal,2025,14.19,8.84,0.15,9.0,8.11
Philippe Le Bourdais,10,175,208,29,12,17,1,25,80,95.24,2030,474,1556,52.4,12,4,0,1,0,3,100.00,0,166,9,188,royal,2025,13.94,0.57,0.14,10.0,5.77
William St-Pierre,9,150,122,19,5,14,4,21,55,96.49,1314,261,1053,52.46,7,2,0,0,0,0,--,0,59,91,168,royal,2025,15.57,2.67,0.14,11.0,5.74
Kevin Quinlan,12,248,305,37,30,7,3,19,318,93.53,4306,2622,1684,51.15,25,20,1,1,0,16,64.00,0,244,4,270,royal,2025,12.13,1.21,0.08,14.0,8.2
Thomas Lalonde-Landry,12,226,153,17,8,9,7,16,90,90.0,1011,538,473,49.02,6,8,0,0,0,1,100.00,0,39,187,258,royal,2025,11.11,3.1,0.07,7.0,3.92
Jeremy Hill,8,169,199,21,7,14,5,15,84,90.32,1883,519,1364,50.75,9,8,0,3,0,4,80.00,0,158,11,177,royal,2025,10.55,2.96,0.09,9.0,4.52
Raphaël Lalonde-Landry,12,199,134,9,4,5,11,14,87,94.57,576,74,502,47.01,5,4,0,2,0,0,--,0,39,160,220,royal,2025,6.72,5.53,0.07,4.0,3.73
Victor Curodeau,8,121,105,15,4,11,2,14,59,98.33,1031,286,745,47.62,5,1,0,2,0,0,--,0,63,58,137,royal,2025,14.29,1.65,0.12,10.0,4.76
Antoine Dubé,7,132,90,12,5,7,7,13,32,84.21,795,193,602,45.56,6,6,0,0,0,2,50.00,6,30,102,139,royal,2025,13.33,5.3,0.1,9.0,6.67
Jacob Duquette,9,176,210,28,8,20,2,13,176,91.67,2772,1244,1528,54.29,14,13,0,4,0,7,70.00,0,167,9,193,royal,2025,13.33,1.14,0.07,13.0,6.67
Julien Bernat,10,182,135,17,11,6,6,12,110,91.67,1642,728,914,49.63,8,9,0,2,0,5,41.67,19,52,130,206,royal,2025,12.59,3.3,0.07,12.0,5.93
Paul Hooley,10,118,84,12,7,5,3,10,69,90.79,943,571,372,39.29,4,5,0,0,0,1,50.00,50,16,102,149,royal,2025,14.29,2.54,0.08,11.0,4.76
Kuochuan Ponzio,9,108,70,9,0,9,1,9,28,100.0,430,107,323,50.0,2,0,0,1,0,0,--,0,12,96,123,royal,2025,12.86,0.93,0.08,6.0,2.86
Geoff Bevan,6,92,76,11,8,3,3,8,81,94.19,980,753,227,59.21,3,5,0,1,0,8,72.73,32,44,48,100,royal,2025,14.47,3.26,0.09,13.0,3.95
Antoine Rousseau,7,106,84,9,6,3,6,6,79,89.77,754,645,109,44.05,3,8,0,1,0,2,50.00,67,22,84,131,royal,2025,10.71,5.66,0.06,9.0,3.57
Victor Sauvé,7,88,83,8,1,7,0,6,23,92.0,460,99,361,49.4,4,2,0,0,0,0,--,0,42,46,98,royal,2025,9.64,0.0,0.07,6.0,4.82
Zakarie Massi,5,61,31,6,3,3,1,5,8,61.54,183,87,96,41.94,0,2,0,0,0,1,33.33,0,2,59,70,royal,2025,19.35,1.64,0.08,6.0,0.0
Jeremie Giard,3,41,19,3,2,1,2,4,7,87.5,202,58,144,63.16,1,1,0,0,0,0,--,0,1,40,47,royal,2025,15.79,4.88,0.1,11.0,5.26
John Randolph,13,308,300,70,40,30,6,66,395,96.81,5139,2827,2312,59.0,30,10,0,0,0,11,73.33,0,218,90,339,empire,2025,23.33,1.95,0.21,17.0,10.0
Ben Jagt,13,323,354,63,18,45,9,60,199,93.87,4306,622,3684,56.5,21,11,0,1,0,1,25.00,30,282,41,346,empire,2025,17.8,2.79,0.19,12.0,5.93
Matt LaBar,13,272,318,62,27,35,5,50,268,94.7,4819,1626,3193,58.18,26,14,0,3,0,10,66.67,0,261,11,316,empire,2025,19.5,1.84,0.18,15.0,8.18
Jack Williams,11,230,265,43,31,12,4,27,437,94.38,5018,3270,1748,55.85,28,20,0,0,0,9,50.00,0,216,14,253,empire,2025,16.23,1.74,0.12,19.0,10.57
Axel Agami,12,195,100,23,7,16,4,24,62,95.38,885,258,627,54.0,7,3,0,0,0,0,--,0,13,182,215,empire,2025,23.0,2.05,0.12,9.0,7.0
Sam Jonas,12,187,110,12,9,3,14,23,142,99.3,993,706,287,51.82,7,1,0,2,0,2,100.00,0,19,168,220,empire,2025,10.91,7.49,0.12,9.0,6.36
Jacob Cowan,11,197,175,25,8,17,3,21,91,94.79,1858,380,1478,59.43,4,5,1,2,0,0,--,0,129,68,207,empire,2025,14.29,1.52,0.11,11.0,2.29
Oliver Chartock,11,210,242,28,16,12,3,19,149,93.13,2689,945,1744,54.13,14,11,0,1,0,3,100.00,0,195,15,237,empire,2025,11.57,1.43,0.09,11.0,5.79
Antoine Davis,11,170,94,10,4,6,9,18,29,93.55,631,263,368,52.13,4,1,0,0,0,2,100.00,0,8,162,184,empire,2025,10.64,5.29,0.11,7.0,4.26
Marques Brownlee,10,175,89,20,18,2,5,17,102,91.89,1361,1070,291,53.93,6,8,0,0,0,4,66.67,128,15,160,178,empire,2025,22.47,2.86,0.1,15.0,6.74
Oliver Fay,9,160,82,13,6,7,9,16,42,87.5,940,224,716,51.22,8,5,0,1,0,2,66.67,10,14,146,160,empire,2025,15.85,5.62,0.1,11.0,9.76
Everest Shapiro,12,240,221,23,6,17,5,14,139,94.56,2335,846,1489,55.2,14,7,0,7,0,4,80.00,0,160,80,255,empire,2025,10.41,2.08,0.06,11.0,6.33
Calvin Brown,7,163,195,40,27,13,2,13,326,91.57,5010,3669,1341,61.54,17,25,0,4,0,24,72.73,0,163,0,183,empire,2025,20.51,1.23,0.08,26.0,8.72
Max Sheppard,13,175,162,22,11,11,6,12,98,85.96,1462,643,819,53.7,6,14,0,2,0,8,47.06,33,111,64,187,empire,2025,13.58,3.43,0.07,9.0,3.7
Solomon Rueschemeyer-Bailey,12,267,322,27,15,12,1,12,546,97.15,5710,4373,1337,57.45,33,12,0,4,0,0,0.00,0,267,0,301,empire,2025,8.39,0.37,0.04,18.0,10.25
Sam Alston,11,114,65,7,4,3,7,11,31,91.18,291,39,252,53.85,3,3,0,0,0,0,--,55,1,113,126,empire,2025,10.77,6.14,0.1,4.0,4.62
Benjamin Simmons,11,172,89,6,2,4,5,10,34,94.44,618,207,411,50.56,5,1,0,0,0,1,50.00,0,10,162,184,empire,2025,6.74,2.91,0.06,7.0,5.62
Shashank Alladi,12,172,92,9,4,5,5,8,70,92.11,544,299,245,48.91,6,5,1,1,0,3,100.00,0,6,166,192,empire,2025,9.78,2.91,0.05,6.0,6.52
Arthur Aucoin,4,46,24,5,1,4,1,6,9,90.0,117,35,82,54.17,1,0,0,0,1,0,--,0,4,42,56,empire,2025,20.83,2.17,0.13,5.0,4.17
Tristan Yarter,10,112,46,2,2,0,5,5,37,97.37,156,199,-43,52.17,2,1,0,1,0,0,--,10,2,110,127,empire,2025,4.35,4.46,0.04,3.0,4.35
Walker Frankenberg,12,247,295,84,43,41,4,66,349,94.07,6884,2916,3968,64.07,31,21,0,1,0,7,87.50,0,245,2,248,spiders,2025,28.47,1.62,0.27,23.0,10.51
Adam Rees,12,251,284,55,16,39,7,51,222,96.1,4025,1309,2716,62.32,26,8,0,3,0,5,100.00,1,221,30,261,spiders,2025,19.37,2.79,0.2,14.0,9.15
Evan Magsig,14,299,352,68,47,21,6,44,689,95.83,6373,4794,1579,60.8,38,29,1,1,0,22,70.97,7,276,23,306,spiders,2025,19.32,2.01,0.15,18.0,10.8
Jason Vallee,11,216,249,45,35,10,4,34,353,95.41,3168,2020,1148,59.04,27,14,0,1,0,6,100.00,0,184,32,225,spiders,2025,18.07,1.85,0.16,13.0,10.84
Leo Gordon,9,205,241,47,32,15,4,34,337,95.2,4306,2582,1724,64.32,26,16,0,1,0,9,75.00,0,201,4,199,spiders,2025,19.5,1.95,0.17,18.0,10.79
Saul Wildavsky,13,250,301,37,9,28,3,34,129,94.85,2281,575,1706,61.13,11,6,0,0,0,0,0.00,0,246,4,249,spiders,2025,12.29,1.2,0.14,8.0,3.65
Dylan Burns,14,261,271,37,18,19,7,31,176,93.12,3078,884,2194,58.67,21,11,0,2,0,0,0.00,0,166,95,274,spiders,2025,13.65,2.68,0.12,11.0,7.75
Carter Lankford,10,151,106,19,2,17,18,30,51,89.47,1072,202,870,52.83,5,6,0,1,0,0,--,1,16,135,165,spiders,2025,17.92,11.92,0.2,10.0,4.72
Daniel Ritthaler,13,248,190,28,13,15,11,26,270,95.41,2094,1350,744,49.47,23,11,0,2,0,2,66.67,1,27,221,289,spiders,2025,14.74,4.44,0.1,11.0,12.11
Matthew Crawford,10,183,226,24,10,14,1,24,196,99.49,2057,1219,838,64.16,8,1,0,0,0,2,100.00,0,180,3,184,spiders,2025,10.62,0.55,0.13,9.0,3.54
Aaron Rosenthal,13,179,127,14,0,14,11,21,28,90.32,604,28,576,42.52,2,3,0,1,1,0,--,0,8,171,205,spiders,2025,11.02,6.15,0.12,5.0,1.57
Seamus Robinson,13,229,170,20,13,7,13,20,122,91.04,1764,714,1050,50.59,7,12,0,1,0,3,50.00,33,27,202,256,spiders,2025,11.76,5.68,0.09,10.0,4.12
Max Williams,14,236,171,12,5,7,14,18,60,89.55,1166,439,727,46.2,2,7,0,1,0,2,66.67,0,29,207,253,spiders,2025,7.02,5.93,0.08,7.0,1.17
Stefan McCall,9,146,108,16,11,5,9,18,93,93.94,1022,397,625,51.85,3,5,0,2,0,3,60.00,0,11,135,180,spiders,2025,14.81,6.16,0.12,9.0,2.78
Eli Kerns,7,147,109,18,14,4,7,14,133,89.86,1063,938,125,48.62,8,11,0,0,0,10,50.00,99,19,128,150,spiders,2025,16.51,4.76,0.1,10.0,7.34
Dillon Whited,4,61,79,16,4,12,1,13,38,90.48,715,133,582,54.43,3,4,0,0,0,0,--,0,61,0,69,spiders,2025,20.25,1.64,0.21,9.0,3.8
Lincoln Grench,8,125,92,12,8,4,5,12,61,92.42,764,400,364,51.09,5,5,0,0,0,2,66.67,0,5,120,141,spiders,2025,13.04,4.0,0.1,8.0,5.43
Liam Jay,11,114,83,12,10,2,1,12,75,97.4,545,530,15,44.58,1,1,0,0,0,2,100.00,1,0,114,150,spiders,2025,14.46,0.88,0.11,7.0,1.2
Aidan Curry,7,93,72,8,4,4,6,10,24,85.71,251,46,205,48.61,2,4,0,0,0,0,--,39,0,93,113,spiders,2025,11.11,6.45,0.11,3.0,2.78
Wyatt Berreman,12,133,101,4,1,3,5,9,40,100.0,359,112,247,50.5,3,0,0,0,0,0,--,1,0,133,165,spiders,2025,3.96,3.76,0.07,4.0,2.97
Scott Heyman,10,207,247,62,39,23,6,49,304,93.25,5644,3113,2531,54.25,27,18,1,1,0,22,81.48,0,198,9,234,phoenix,2025,25.1,2.9,0.24,23.0,10.93
Sean Mott,12,257,309,62,46,16,3,38,525,94.09,6486,4293,2193,52.1,33,23,0,4,0,19,55.88,4,250,7,289,phoenix,2025,20.06,1.17,0.15,21.0,10.68
Brandon Pastor,11,198,245,35,6,29,2,32,154,98.09,1694,410,1284,55.1,7,3,0,2,0,1,100.00,0,195,3,236,phoenix,2025,14.29,1.01,0.16,7.0,2.86
Nate Little,12,231,143,24,13,11,16,32,70,88.61,1626,620,1006,53.15,7,7,0,1,0,5,71.43,0,47,184,241,phoenix,2025,16.78,6.93,0.14,11.0,4.9
Sam Grossberg,9,194,223,41,21,20,2,30,422,96.13,4392,3027,1365,56.05,21,12,0,1,0,7,53.85,0,185,9,219,phoenix,2025,18.39,1.03,0.15,20.0,9.42
Jack Wisner,11,193,113,14,3,11,13,22,36,92.31,668,80,588,53.1,1,3,0,2,0,1,100.00,0,26,167,214,phoenix,2025,12.39,6.74,0.11,6.0,0.88
Michael Maroon,7,107,119,23,6,17,2,21,62,93.94,1073,49,1024,52.1,7,4,0,0,0,0,--,0,96,11,124,phoenix,2025,19.33,1.87,0.2,9.0,5.88
Paul Owens,11,215,127,17,11,6,9,21,132,95.65,1255,827,428,51.18,5,5,0,0,0,4,57.14,38,29,186,250,phoenix,2025,13.39,4.19,0.1,10.0,3.94
Max Tran,8,114,67,11,5,6,6,15,35,97.22,681,373,308,52.24,3,1,0,1,0,3,100.00,0,15,99,133,phoenix,2025,16.42,5.26,0.13,10.0,4.48
Colin White,11,148,158,13,1,12,3,13,81,98.78,1319,460,859,54.43,10,1,0,2,0,0,--,0,116,32,183,phoenix,2025,8.23,2.03,0.09,8.0,6.33
Chase Rawlins,10,124,82,11,6,5,4,11,34,87.18,921,149,772,45.12,3,3,0,1,0,0,0.00,4,36,88,136,phoenix,2025,13.41,3.23,0.09,11.0,3.66
Ethan Holmgren,11,181,108,14,6,8,1,11,105,94.59,952,580,372,52.78,12,4,0,0,0,0,0.00,107,20,161,214,phoenix,2025,12.96,0.55,0.06,9.0,11.11
Adam Grossberg,8,161,122,22,17,5,7,10,111,87.4,1690,970,720,47.54,10,15,0,4,0,7,46.67,11,58,103,189,phoenix,2025,18.03,4.35,0.06,14.0,8.2
Matt Hanna,10,188,222,18,5,13,3,8,138,93.24,2605,559,2046,52.25,12,9,0,4,0,1,33.33,0,180,8,210,phoenix,2025,8.11,1.6,0.04,12.0,5.41
Eric Nardelli,11,112,67,4,0,4,6,7,33,94.29,249,83,166,44.78,1,2,0,1,0,0,--,0,11,101,138,phoenix,2025,5.97,5.36,0.06,4.0,1.49
Eric Witmer,10,154,91,3,3,0,8,7,59,95.16,459,324,135,49.45,5,3,0,1,0,0,--,0,17,137,188,phoenix,2025,3.3,5.19,0.05,5.0,5.49
Andres Rodriguez,7,80,51,5,3,2,5,5,38,86.36,459,250,209,54.9,4,4,0,1,0,0,--,3,3,77,109,phoenix,2025,9.8,6.25,0.06,9.0,7.84
Justin Keller,10,123,70,4,3,1,1,5,60,100.0,356,297,59,54.29,4,0,0,0,0,1,100.00,0,9,114,161,phoenix,2025,5.71,0.81,0.04,5.0,5.71
Calvin Trisolini,4,46,51,7,3,4,0,4,62,96.88,691,491,200,43.14,1,2,0,1,0,1,50.00,1,40,6,51,phoenix,2025,13.73,0.0,0.09,14.0,1.96
Drew Loughnane,4,47,27,3,0,3,2,4,5,83.33,174,20,154,51.85,2,1,0,0,0,0,--,0,1,46,58,phoenix,2025,11.11,4.26,0.09,6.0,7.41
Marcel Oliart,9,220,258,43,13,30,5,36,227,94.98,3608,1000,2608,45.74,18,10,0,2,0,2,100.00,0,212,8,238,thunderbirds,2025,16.67,2.27,0.16,14.0,6.98
John McMonigal,11,245,280,40,21,19,7,25,280,93.02,3746,1531,2215,46.79,18,18,0,4,0,8,57.14,0,207,38,269,thunderbirds,2025,14.29,2.86,0.1,13.0,6.43
Alex Mullen,7,160,185,29,12,17,6,20,203,94.86,2502,1046,1456,41.62,8,10,0,5,0,5,50.00,0,147,13,171,thunderbirds,2025,15.68,3.75,0.12,14.0,4.32
Reid Duncan,9,160,112,17,1,16,7,20,48,96.0,1036,174,862,35.71,4,2,0,2,0,0,--,14,32,128,175,thunderbirds,2025,15.18,4.38,0.12,9.0,3.57
Lucas Storm,7,142,151,22,11,11,4,19,88,93.62,1490,526,964,45.03,5,6,0,1,0,3,60.00,0,110,32,152,thunderbirds,2025,14.57,2.82,0.13,10.0,3.31
Jonathan Mast,10,217,264,35,28,7,1,17,430,95.34,4017,3151,866,45.45,22,17,0,2,0,11,64.71,0,217,0,244,thunderbirds,2025,13.26,0.46,0.08,15.0,8.33
Dan Nichols,6,102,96,11,5,6,4,13,84,97.67,901,414,487,60.42,8,2,0,0,0,0,--,0,67,35,110,thunderbirds,2025,11.46,3.92,0.13,9.0,8.33
Jimmy Towle,8,174,209,15,5,10,2,12,136,96.45,1719,749,970,44.98,10,4,0,1,0,0,0.00,0,174,0,182,thunderbirds,2025,7.18,1.15,0.07,8.0,4.78
Anson Reppermund,8,159,149,17,7,10,5,11,74,86.05,1632,537,1095,48.32,7,10,0,1,0,5,50.00,28,86,73,165,thunderbirds,2025,11.41,3.14,0.07,11.0,4.7
Carl Johnson,7,118,117,11,2,9,4,10,41,89.13,831,173,658,45.3,4,5,0,0,0,0,0.00,4,82,36,127,thunderbirds,2025,9.4,3.39,0.08,7.0,3.42
Anil Driehuys,4,93,109,18,11,7,0,8,139,92.05,1920,1037,883,46.79,4,10,0,0,0,7,46.67,0,93,0,101,thunderbirds,2025,16.51,0.0,0.09,18.0,3.67
Evan Bembenista,7,159,175,16,4,12,3,8,70,89.74,1549,486,1063,40.57,8,7,0,4,0,3,42.86,0,128,31,170,thunderbirds,2025,9.14,1.89,0.05,9.0,4.57
Joe Molder,9,107,71,4,2,2,4,7,12,92.31,314,26,288,46.48,0,1,0,0,0,0,--,0,13,94,113,thunderbirds,2025,5.63,3.74,0.07,4.0,0.0
Jacob Rollins,8,91,57,8,3,5,1,7,25,96.15,388,79,309,49.12,4,1,0,1,0,1,100.00,1,11,80,96,thunderbirds,2025,14.04,1.1,0.08,7.0,7.02
Will Hoffenkamp,10,230,259,34,22,12,5,6,488,92.95,3497,2522,975,44.79,30,29,0,4,0,3,37.50,2,204,26,243,thunderbirds,2025,13.13,2.17,0.03,14.0,11.58
Connor Newell,8,148,144,12,8,4,3,5,183,93.85,1592,1226,366,43.06,7,8,0,2,0,3,50.00,2,83,65,159,thunderbirds,2025,8.33,2.03,0.03,11.0,4.86
Caleb Stanish,6,54,31,2,1,1,2,4,4,100.0,120,14,106,32.26,1,0,0,0,0,0,--,0,3,51,56,thunderbirds,2025,6.45,3.7,0.07,4.0,3.23
Jake Murray,7,101,76,5,3,2,4,4,59,89.39,595,410,185,42.11,6,5,0,0,0,1,100.00,1,21,80,111,thunderbirds,2025,6.58,3.96,0.04,8.0,7.89
Ryan Kindell,7,103,73,2,1,1,8,4,15,75.0,250,44,206,42.47,2,5,0,1,0,0,0.00,12,7,96,122,thunderbirds,2025,2.74,7.77,0.04,3.0,2.74
Wyatt Krisky,3,42,27,4,1,3,2,4,14,93.33,309,48,261,55.56,0,1,0,1,0,0,--,0,6,36,41,thunderbirds,2025,14.81,4.76,0.1,11.0,0.0
Nate Knutson,10,206,261,39,9,30,7,37,143,94.08,2314,352,1962,35.25,15,5,0,4,0,0,--,0,187,19,253,steel,2025,14.94,3.4,0.18,9.0,5.75
Archer Gordon,10,175,221,27,6,21,2,25,122,96.83,2147,412,1735,39.82,8,3,1,1,0,1,50.00,0,170,5,208,steel,2025,12.22,1.14,0.14,10.0,3.62
Zac Scheuerman,12,195,138,14,1,13,9,17,30,78.95,814,19,795,34.78,1,3,0,3,0,0,0.00,0,32,163,224,steel,2025,10.14,4.62,0.09,6.0,0.72
Caleb Campbell,12,216,158,18,12,6,10,13,178,90.82,1364,1056,308,34.81,15,11,0,4,0,4,80.00,100,28,188,245,steel,2025,11.39,4.63,0.06,9.0,9.49
Ben Thoennes,8,204,185,41,30,11,13,12,205,80.39,3933,2598,1335,41.62,14,41,1,1,0,26,53.06,81,93,111,223,steel,2025,22.16,6.37,0.06,21.0,7.57
Quinn Buermeyer,12,253,321,25,3,22,4,12,228,93.06,2337,782,1555,38.63,14,14,0,3,0,1,25.00,0,244,9,308,steel,2025,7.79,1.58,0.05,7.0,4.36
Beckett Sessums,7,104,76,16,7,9,2,11,31,86.11,832,247,585,52.63,5,4,0,3,0,2,66.67,0,19,85,107,steel,2025,21.05,1.92,0.11,11.0,6.58
Antonio Rueda,12,239,310,24,9,15,6,10,313,93.71,2673,1225,1448,39.35,16,16,0,4,0,1,100.00,0,226,13,294,steel,2025,7.74,2.51,0.04,9.0,5.16
Josh Moore,6,97,124,21,13,8,2,10,132,91.67,1919,769,1150,40.32,5,10,0,3,0,2,40.00,0,93,4,116,steel,2025,16.94,2.06,0.1,15.0,4.03
Jackson Heglie,6,76,47,11,2,9,1,9,21,91.3,447,74,373,40.43,1,2,0,1,0,0,--,0,16,60,77,steel,2025,23.4,1.32,0.12,10.0,2.13
Adam McNichols,10,209,264,29,26,3,6,7,284,91.32,3520,1836,1684,38.26,19,23,1,5,0,14,50.00,0,202,7,238,steel,2025,10.98,2.87,0.03,13.0,7.2
Callahan Bosworth,7,119,104,13,4,9,2,7,78,95.12,1452,482,970,42.31,7,4,2,4,0,2,100.00,3,64,55,107,steel,2025,12.5,1.68,0.06,14.0,6.73
Conner Stillwell,11,168,205,21,13,8,3,7,142,89.87,2692,800,1892,38.54,12,13,0,4,0,3,100.00,0,162,6,190,steel,2025,10.24,1.79,0.04,13.0,5.85
Nicholas Dahms,12,158,112,3,1,2,5,7,39,92.86,347,121,226,35.71,3,0,0,1,0,0,--,0,18,140,189,steel,2025,2.68,3.16,0.04,3.0,2.68
Jonathan Lee,4,39,33,5,3,2,0,5,18,94.74,220,127,93,54.55,1,0,0,0,0,0,--,0,11,28,44,steel,2025,15.15,0.0,0.13,7.0,3.03
Will Dillender-Kinast,4,61,41,2,0,2,6,4,11,84.62,200,83,117,43.9,2,2,0,2,0,0,--,0,9,52,67,steel,2025,4.88,9.84,0.07,5.0,4.88
Dan Baumgartner,8,59,32,1,1,0,2,3,11,100.0,186,67,119,31.25,1,0,0,0,0,0,--,0,5,54,62,steel,2025,3.12,3.39,0.05,6.0,3.12
Emmett Warner,5,80,50,7,6,1,1,3,60,93.75,630,427,203,46.0,2,4,0,1,0,3,42.86,15,24,56,92,steel,2025,14.0,1.25,0.04,13.0,4.0
Sam Harrington,2,15,7,2,0,2,0,2,1,100.0,141,17,124,57.14,1,0,0,0,0,0,--,0,1,14,14,steel,2025,28.57,0.0,0.13,20.0,14.29
Ryan Wolfe,12,177,127,10,5,5,4,1,53,84.13,891,340,551,37.01,3,9,0,4,0,4,57.14,1,29,148,202,steel,2025,7.87,2.26,0.01,7.0,2.36
Jordan Kerr,14,276,332,70,50,20,5,60,285,94.68,4849,2674,2175,61.45,23,12,0,3,0,15,75.00,0,271,5,274,shred,2025,21.08,1.81,0.22,15.0,6.93
Chad Yorgason,13,312,342,74,44,30,4,53,277,92.33,6600,3054,3546,60.23,32,22,0,3,0,26,81.25,0,260,52,319,shred,2025,21.64,1.28,0.17,19.0,9.36
Matt Russnogle,13,253,299,54,9,45,2,50,111,95.69,2641,340,2301,60.54,13,5,1,1,0,2,40.00,0,246,7,247,shred,2025,18.06,0.79,0.2,9.0,4.35
Jace Duennebeil,14,240,258,54,16,38,5,46,89,91.75,3243,784,2459,63.57,7,7,0,6,0,7,87.50,0,199,41,232,shred,2025,20.93,2.08,0.19,13.0,2.71
Will Selfridge,9,227,252,54,24,30,6,43,217,91.95,3908,1676,2232,60.71,17,16,0,1,0,11,61.11,0,191,36,234,shred,2025,21.43,2.64,0.19,16.0,6.75
McKay Yorgason,14,309,359,51,44,7,5,32,617,95.81,6320,4742,1578,61.56,54,22,1,2,0,8,80.00,0,279,30,313,shred,2025,14.21,1.62,0.1,18.0,15.04
Alex Forsberg,13,184,107,17,3,14,15,29,39,90.7,737,153,584,57.94,5,2,0,1,0,1,50.00,0,4,180,197,shred,2025,15.89,8.15,0.16,7.0,4.67
Jacob Miller,13,244,293,32,14,18,0,27,310,98.73,3177,1639,1538,62.12,32,3,0,2,0,4,100.00,0,243,1,245,shred,2025,10.92,0.0,0.11,11.0,10.92
Kimball Pew,13,151,95,16,7,9,11,25,62,96.88,994,573,421,61.05,6,2,0,0,0,4,100.00,0,4,147,175,shred,2025,16.84,7.28,0.17,10.0,6.32
Kyle Weinberg,12,222,139,19,6,13,11,23,76,92.68,866,501,365,54.68,7,6,0,1,0,2,50.00,146,24,198,233,shred,2025,13.67,4.95,0.1,6.0,5.04
Sam Pew,13,233,130,16,8,8,11,23,73,94.81,988,309,679,58.46,6,4,0,0,0,1,33.33,0,7,226,235,shred,2025,12.31,4.72,0.1,8.0,4.62
Tony Mounga,12,178,110,24,14,10,10,22,61,84.72,1184,739,445,56.36,4,11,0,1,0,6,60.00,1,5,173,203,shred,2025,21.82,5.62,0.12,11.0,3.64
Braden Eberhard,13,251,303,31,8,23,2,20,388,96.04,3642,2305,1337,62.38,27,12,1,1,0,3,50.00,0,251,0,252,shred,2025,10.23,0.8,0.08,12.0,8.91
Reed Browning,12,186,119,21,12,9,8,19,53,84.13,1311,479,832,53.78,9,10,0,0,0,4,66.67,0,4,182,221,shred,2025,17.65,4.3,0.1,11.0,7.56
Nathan De Morgan,8,138,112,24,14,10,4,17,57,82.61,1612,663,949,50.0,5,11,0,0,0,9,69.23,0,38,100,153,shred,2025,21.43,2.9,0.12,14.0,4.46
Eugene L'Heureux,14,179,115,12,9,3,5,13,63,95.45,1057,666,391,57.39,7,3,1,1,0,4,100.00,136,3,176,220,shred,2025,10.43,2.79,0.07,9.0,6.09
Luke Yorgason,7,88,62,11,5,6,4,13,58,96.67,901,579,322,66.13,5,2,0,0,0,3,100.00,0,10,78,103,shred,2025,17.74,4.55,0.15,15.0,8.06
Nathan Huff,11,185,115,12,9,3,5,13,104,96.3,999,543,456,54.78,15,4,0,0,0,1,100.00,0,13,172,198,shred,2025,10.43,2.7,0.07,9.0,13.04
Ben Ashton,8,133,79,7,6,1,6,11,52,96.3,610,433,177,55.7,8,2,0,0,0,3,100.00,3,3,130,154,shred,2025,8.86,4.51,0.08,8.0,10.13
Kaden Froebe,5,65,41,5,0,5,3,8,5,83.33,147,1,146,53.66,1,0,0,0,0,0,--,0,8,57,79,shred,2025,12.2,4.62,0.12,4.0,2.44
Travis Dunn,12,272,317,70,47,23,7,54,275,92.28,5105,2097,3008,57.73,19,21,0,2,0,15,55.56,0,258,14,273,growlers,2025,22.08,2.57,0.2,16.0,5.99
Khalif El-Salaam,12,275,252,58,30,28,2,45,204,92.31,3981,1358,2623,55.56,17,13,0,2,0,7,63.64,20,161,114,311,growlers,2025,23.02,0.73,0.16,16.0,6.75
Jesse Cohen,12,194,201,41,21,20,7,41,116,93.55,2393,945,1448,61.69,13,6,0,1,0,3,100.00,0,143,51,200,growlers,2025,20.4,3.61,0.21,12.0,6.47
Marcel Osborne,14,318,366,57,22,35,7,35,387,93.93,5237,2599,2638,55.46,42,23,0,6,0,4,66.67,5,270,48,343,growlers,2025,15.57,2.2,0.11,14.0,11.48
Oliver Artus,13,212,256,41,11,30,4,35,107,93.86,2327,499,1828,54.3,9,7,0,3,0,3,60.00,0,205,7,220,growlers,2025,16.02,1.89,0.17,9.0,3.52
Matt Miller,14,309,367,60,37,23,8,30,519,92.18,7137,4816,2321,55.59,32,37,0,1,0,25,67.57,1,280,29,338,growlers,2025,16.35,2.59,0.1,19.0,8.72
Max Gibson,9,144,94,20,12,8,17,28,68,87.18,1585,720,865,59.57,9,9,0,0,0,5,62.50,2,25,119,167,growlers,2025,21.28,11.81,0.19,17.0,9.57
KJ Koo,10,197,207,28,10,18,10,27,191,95.02,3015,1426,1589,57.0,18,10,0,1,0,7,87.50,1,140,57,213,growlers,2025,13.53,5.08,0.14,15.0,8.7
Daniel Brunker,10,162,193,33,21,12,5,23,242,95.28,3073,2037,1036,52.33,16,12,0,3,0,8,72.73,1,133,29,185,growlers,2025,17.1,3.09,0.14,16.0,8.29
Kyle Rubin,11,224,264,24,16,8,3,19,178,95.19,2547,1471,1076,58.33,20,4,0,4,0,4,80.00,0,223,1,222,growlers,2025,9.09,1.34,0.08,10.0,7.58
Casey Wu,12,156,192,19,4,15,2,18,113,98.26,1646,691,955,54.69,10,1,0,2,0,1,100.00,0,149,7,176,growlers,2025,9.9,1.28,0.12,9.0,5.21
Casey Shugarman,14,195,109,7,4,3,13,17,31,91.18,704,162,542,47.71,5,3,0,0,0,0,--,0,6,189,224,growlers,2025,6.42,6.67,0.09,6.0,4.59
Will Turner,12,218,125,16,8,8,7,17,132,94.96,1370,987,383,58.4,7,5,0,1,0,5,83.33,142,14,204,243,growlers,2025,12.8,3.21,0.08,11.0,5.6
Kobi McCracken,14,204,139,14,11,3,5,16,93,93.94,1253,676,577,53.96,8,3,0,0,0,3,75.00,0,32,172,241,growlers,2025,10.07,2.45,0.08,9.0,5.76
Stefan Samu,9,138,86,13,5,8,5,15,44,91.67,953,400,553,55.81,2,3,0,0,0,3,75.00,4,13,125,161,growlers,2025,15.12,3.62,0.11,11.0,2.33
Maxwell Hume,13,185,110,16,3,13,6,14,50,89.29,821,212,609,57.27,3,6,0,2,0,0,--,0,12,173,219,growlers,2025,14.55,3.24,0.08,7.0,2.73
Ben Levinsky,11,147,84,7,4,3,8,11,32,91.43,568,171,397,52.38,3,3,0,1,0,1,100.00,8,1,146,176,growlers,2025,8.33,5.44,0.07,7.0,3.57
Bryce Lozinski,13,232,141,10,9,1,4,11,138,97.87,1022,749,273,56.03,10,2,2,1,0,2,100.00,4,23,209,268,growlers,2025,7.09,1.72,0.05,7.0,7.09
Michael Tran,9,163,108,10,6,4,7,11,97,93.27,745,566,179,52.78,7,6,0,0,0,2,40.00,58,27,136,197,growlers,2025,9.26,4.29,0.07,7.0,6.48
Peter Lenz,7,81,94,10,5,5,5,9,88,94.62,1055,708,347,54.26,2,5,0,1,0,3,100.00,5,61,20,90,growlers,2025,10.64,6.17,0.11,11.0,2.13
Garrett Martin,11,244,293,68,31,37,4,54,204,94.01,4206,1473,2733,57.34,23,12,0,6,0,9,81.82,0,224,20,275,cascades,2025,23.21,1.64,0.22,14.0,7.85
Zeppelin Raunig,9,194,237,42,11,31,6,42,102,94.44,3223,563,2660,53.59,9,5,0,1,0,2,100.00,0,189,5,202,cascades,2025,17.72,3.09,0.22,14.0,3.8
Conor Belfield,8,168,200,43,23,20,7,35,163,91.06,3609,1038,2571,53.0,13,12,0,3,0,7,50.00,0,155,13,192,cascades,2025,21.5,4.17,0.21,18.0,6.5
Langley Fitzpatrick,8,104,73,14,4,10,14,27,33,97.06,632,23,609,56.16,4,1,0,0,0,1,100.00,0,8,96,119,cascades,2025,19.18,13.46,0.26,9.0,5.48
Lukas Ambrose,9,218,143,19,4,15,13,24,86,91.49,1507,433,1074,51.05,11,7,0,1,0,1,50.00,71,43,175,228,cascades,2025,13.29,5.96,0.11,11.0,7.69
Marc Munoz,10,202,186,33,25,8,7,23,244,93.49,3112,2070,1042,54.3,21,15,1,2,0,12,85.71,0,119,83,227,cascades,2025,17.74,3.47,0.11,17.0,11.29
Tony Goss,10,204,221,28,13,15,4,22,280,96.55,2207,1454,753,58.37,21,9,0,1,0,3,100.00,0,160,44,230,cascades,2025,12.67,1.96,0.11,10.0,9.5
Tommy Li,12,230,289,33,14,19,4,19,163,90.56,2858,1072,1786,52.6,23,16,0,2,0,8,66.67,0,230,0,263,cascades,2025,11.42,1.74,0.08,10.0,7.96
Jack Brown,11,213,168,18,12,6,10,17,77,88.51,1649,539,1110,49.4,6,8,0,3,0,5,62.50,4,87,126,230,cascades,2025,10.71,4.69,0.08,10.0,3.57
Asher Lantz,10,196,136,9,4,5,8,16,34,100.0,802,191,611,41.18,5,0,1,1,0,0,--,1,24,172,220,cascades,2025,6.62,4.08,0.08,6.0,3.68
Derek Mourad,11,212,270,27,17,10,2,14,369,95.35,3409,2918,491,49.63,23,14,1,1,0,12,100.00,4,203,9,248,cascades,2025,10.0,0.94,0.07,13.0,8.52
Dominic Jacobs,9,118,71,7,1,6,8,13,10,90.91,277,63,214,39.44,0,1,0,1,0,0,--,0,5,113,128,cascades,2025,9.86,6.78,0.11,4.0,0.0
Mikey O'Brien,10,209,141,8,7,1,7,13,82,96.47,853,275,578,50.35,4,2,2,0,0,0,--,16,30,179,226,cascades,2025,5.67,3.35,0.06,6.0,2.84
Brandon Li,9,127,130,12,5,7,5,12,49,89.09,1047,204,843,50.0,2,4,0,1,0,1,100.00,1,80,47,144,cascades,2025,9.23,3.94,0.09,8.0,1.54
Emmet Shipway,11,159,150,18,2,16,4,12,128,91.43,1328,842,486,47.33,3,9,0,1,0,1,50.00,2,79,80,185,cascades,2025,12.0,2.52,0.08,9.0,2.0
Aaron Wolf,6,133,144,24,16,8,5,10,170,90.43,1875,1496,379,51.39,13,17,1,2,0,5,62.50,8,87,46,140,cascades,2025,16.67,3.76,0.08,13.0,9.03
Christian Foster,8,164,184,24,21,3,1,10,240,93.39,3280,2755,525,53.8,15,15,1,0,0,26,83.87,12,146,18,161,cascades,2025,13.04,0.61,0.06,18.0,8.15
Phillip Korolog,5,72,50,7,4,3,2,8,25,96.15,307,103,204,50.0,3,1,0,0,0,1,100.00,3,25,47,69,cascades,2025,14.0,2.78,0.11,6.0,6.0
Axel Olson,1,22,15,3,3,0,2,5,25,100.0,278,279,-1,66.67,3,0,0,0,0,2,100.00,10,5,17,25,cascades,2025,20.0,9.09,0.23,19.0,20.0
Gavin Leahy,3,20,21,5,4,1,0,5,9,100.0,172,87,85,66.67,1,0,0,0,0,0,--,1,11,9,25,cascades,2025,23.81,0.0,0.25,8.0,4.76
James Lewis,11,265,298,54,22,32,9,47,287,94.1,5154,1900,3254,54.03,27,15,0,1,0,4,57.14,1,233,32,270,rush,2025,18.12,3.4,0.18,17.0,9.06
Arvids Karklins,8,200,209,42,25,17,9,35,166,91.21,4100,1592,2508,55.02,16,15,0,1,0,12,57.14,11,167,33,197,rush,2025,20.1,4.5,0.18,20.0,7.66
Tom Blasman,12,279,297,59,48,11,4,35,452,93.58,6110,4346,1764,53.2,27,25,1,3,0,24,61.54,6,232,47,280,rush,2025,19.87,1.43,0.13,21.0,9.09
Keith McRae,12,209,201,31,10,21,9,32,108,93.1,2331,734,1597,54.73,10,8,0,0,0,5,55.56,2,134,75,223,rush,2025,15.42,4.31,0.15,12.0,4.98
Ty Barbieri,10,212,238,44,8,36,1,31,73,89.02,2005,214,1791,55.04,5,9,1,5,0,2,40.00,0,194,18,221,rush,2025,18.49,0.47,0.15,8.0,2.1
Phil Turner,12,234,134,12,2,10,17,25,62,96.88,1067,435,632,48.51,7,2,0,2,1,2,100.00,87,47,187,245,rush,2025,8.96,7.26,0.11,8.0,5.22
Ryan Poloz,11,217,261,30,24,6,1,19,265,94.31,2987,2075,912,54.41,13,11,0,1,0,4,66.67,0,208,9,233,rush,2025,11.49,0.46,0.09,11.0,4.98
Oscar Stonehouse,8,150,91,15,4,11,4,17,51,96.23,1065,235,830,52.75,8,2,0,0,0,0,--,0,28,122,157,rush,2025,16.48,2.67,0.11,12.0,8.79
Martin Gallant,4,86,94,23,9,14,2,15,109,91.6,1610,853,757,58.51,8,10,1,0,0,2,66.67,0,78,8,93,rush,2025,24.47,2.33,0.17,17.0,8.51
Toms Abeltins,11,198,113,15,11,4,7,15,121,93.8,1425,1213,212,56.64,9,7,0,0,0,10,76.92,0,47,151,217,rush,2025,13.27,3.54,0.08,13.0,7.96
Luc Comire,9,185,215,22,17,5,1,9,306,95.63,3640,2654,986,54.88,20,14,1,0,0,8,57.14,0,176,9,205,rush,2025,10.23,0.54,0.05,17.0,9.3
Mike Mackenzie,5,111,68,11,3,8,4,9,44,89.8,938,375,563,52.94,7,5,0,1,0,1,50.00,21,19,92,118,rush,2025,16.18,3.6,0.08,14.0,10.29
Wilkie Lewis,11,229,256,22,7,15,0,9,140,94.59,2073,734,1339,53.13,12,8,0,5,0,2,40.00,0,201,28,248,rush,2025,8.59,0.0,0.04,8.0,4.69
Zachary Armstrong,11,186,95,7,4,3,4,9,22,91.67,426,124,302,45.26,1,2,0,0,0,0,0.00,75,25,161,192,rush,2025,7.37,2.15,0.05,4.0,1.05
Dax Miller,7,91,49,8,5,3,1,7,27,93.1,528,265,263,63.27,2,2,0,0,0,1,50.00,0,16,75,99,rush,2025,16.33,1.1,0.08,11.0,4.08
Araav Sehgal,8,86,45,4,4,0,2,5,46,100.0,414,345,69,53.33,3,0,0,1,0,1,100.00,0,9,77,98,rush,2025,8.89,2.33,0.06,9.0,6.67
Brandon Adibe,9,128,55,6,1,5,3,5,6,66.67,380,48,332,45.45,0,3,0,1,0,0,--,0,5,123,141,rush,2025,10.91,2.34,0.04,7.0,0.0
Nathan Hsieh,6,82,56,8,2,6,0,5,28,87.5,650,310,340,53.57,6,3,0,0,0,2,66.67,0,29,53,96,rush,2025,14.29,0.0,0.06,12.0,10.71
Rowan Jamieson,4,49,29,5,0,5,1,5,7,100.0,196,-17,213,41.38,1,0,0,1,0,0,--,2,8,41,55,rush,2025,17.24,2.04,0.1,7.0,3.45
Harry Norris,7,76,38,7,3,4,1,4,16,80.0,389,62,327,52.63,1,4,0,0,0,0,0.00,2,4,72,86,rush,2025,18.42,1.32,0.05,10.0,2.63
Joel Clutton,7,125,158,22,4,18,4,18,67,88.16,1438,360,1078,33.54,5,8,0,0,0,2,100.00,1,110,15,146,bighorns,2025,13.92,3.2,0.14,9.0,3.16
Brad Ellis,11,208,278,29,8,21,4,16,73,79.35,2134,364,1770,31.29,6,16,1,1,0,2,22.22,0,198,10,239,bighorns,2025,10.43,1.92,0.08,8.0,2.16
Braden Distel,11,183,174,13,6,7,11,15,68,87.18,1411,423,988,31.03,6,9,0,0,0,3,60.00,0,93,90,214,bighorns,2025,7.47,6.01,0.08,8.0,3.45
Brent Moore,8,125,92,11,3,8,10,14,30,83.33,562,53,509,33.7,2,6,0,1,0,0,0.00,34,35,90,147,bighorns,2025,11.96,8.0,0.11,6.0,2.17
Dan Vockeroth,5,123,140,14,7,7,6,12,96,92.31,1568,559,1009,32.14,6,6,0,2,0,3,50.00,1,94,29,145,bighorns,2025,10.0,4.88,0.1,11.0,4.29
Harrison Tucker,11,174,199,15,2,13,2,12,63,96.92,1234,31,1203,29.15,6,2,0,3,0,1,100.00,0,126,48,201,bighorns,2025,7.54,1.15,0.07,6.0,3.02
Porter Stobbe,10,181,222,31,18,13,5,9,62,70.45,1929,758,1171,31.08,4,24,0,3,0,10,47.62,0,153,28,192,bighorns,2025,13.96,2.76,0.05,9.0,1.8
Jason Zeidman,9,120,101,7,2,5,8,7,57,89.06,749,298,451,29.7,2,6,0,2,0,2,66.67,0,51,69,141,bighorns,2025,6.93,6.67,0.06,7.0,1.98
Chris Wilson,11,154,114,7,5,2,4,6,62,92.54,627,83,544,31.58,4,4,0,1,0,0,--,0,42,112,184,bighorns,2025,6.14,2.6,0.04,6.0,3.51
Ryan Hiser,8,162,214,23,20,3,8,4,243,90.67,3039,2134,905,35.51,19,23,0,4,0,20,68.97,5,153,9,188,bighorns,2025,10.75,4.94,0.02,14.0,8.88
Adrian Cisneros,8,103,75,5,0,5,2,2,21,87.5,448,48,400,32.0,2,3,0,2,0,0,--,1,38,65,114,bighorns,2025,6.67,1.94,0.02,6.0,2.67
AJ Miles,4,58,52,2,0,2,2,2,8,88.89,245,23,222,28.85,1,1,1,1,0,1,50.00,0,34,24,61,bighorns,2025,3.85,3.45,0.03,5.0,1.92
James Shorey,11,160,169,8,3,5,3,2,46,83.64,724,192,532,27.22,4,9,0,0,0,0,0.00,0,118,42,191,bighorns,2025,4.73,1.88,0.01,4.0,2.37
Ryan Martin,6,69,52,2,0,2,2,2,26,92.86,266,94,172,28.85,0,1,0,1,0,1,100.00,3,22,47,81,bighorns,2025,3.85,2.9,0.03,5.0,0.0
Sam Besse,10,177,201,12,3,9,3,2,177,93.16,1817,1197,620,30.85,4,12,0,1,0,1,25.00,2,128,49,217,bighorns,2025,5.97,1.69,0.01,9.0,1.99
Brock Jensen,4,57,38,2,1,1,0,1,24,88.89,279,229,50,26.32,2,1,0,0,0,1,100.00,1,20,37,52,bighorns,2025,5.26,0.0,0.02,7.0,5.26
Brycen Williams,11,166,127,8,4,4,3,1,65,89.04,1088,362,726,33.07,5,8,0,2,0,1,100.00,1,63,103,183,bighorns,2025,6.3,1.81,0.01,9.0,3.94
Connor Garrison,3,30,21,0,0,0,2,1,6,85.71,46,17,29,14.29,0,1,0,0,0,0,--,0,0,30,38,bighorns,2025,0.0,6.67,0.03,2.0,0.0
Jake Anderson,6,62,40,1,0,1,1,1,3,75.0,76,-11,87,25.0,0,1,0,0,0,0,0.00,0,9,53,63,bighorns,2025,2.5,1.61,0.02,2.0,0.0
Blake Jordan,2,37,33,1,1,0,2,0,28,90.32,300,250,50,21.21,1,3,0,0,0,1,100.00,13,18,19,37,bighorns,2025,3.03,5.41,0.0,9.0,3.03
