Player,G,PP,POS,SCR,AST,GLS,BLK,+/-,Cmp,CMP%_Z,Y,TY,RY,OEFF,HA,T,S,D,C,Hck,Hck%,Pul,OPP,DPP,MP,Team,Year,SCR_Z,BLK_Z,PM_Z,Y_Z,HA_Z,team_avg_min,OVS,Value,Score
Austin Taylor,14,301,352,72,58,14,2,54,619,0.76,7753,5381,2372,63.35,31,18,0,2,0,33,78.57,0,297,4,340,hustle,2025,1.26,-1.15,1.22,2.64,1.03,210.0,1.448,1.368,1.741
Adam Miller,13,284,324,68,43,25,1,52,469,0.73,5215,3253,1962,62.04,27,16,0,1,0,14,73.68,5,257,27,320,hustle,2025,1.36,-1.28,1.22,1.26,0.88,210.0,1.089,1.135,1.401
Hayden Austin-Knab,14,297,343,59,37,22,5,45,431,0.54,5703,3393,2310,62.39,33,18,0,1,1,22,75.86,2,288,9,332,hustle,2025,0.67,-0.73,0.7,1.49,1.29,210.0,1.004,0.898,1.129
Alec Wilson Holliday,13,163,188,45,7,38,4,43,102,0.35,2581,307,2274,65.96,15,6,0,0,0,2,100.00,0,162,1,185,hustle,2025,1.89,-0.41,2.61,0.8,0.77,210.0,1.03,1.583,1.486
Brett Hulsmeyer,13,323,347,53,28,25,11,39,353,0.13,5561,1832,3729,61.67,32,22,1,3,0,8,47.06,8,245,78,354,hustle,2025,0.31,-0.02,0.18,1.26,1.17,210.0,0.726,0.535,0.695
Karl Ekwurtzel,14,171,201,35,2,33,3,34,93,0.85,1786,-121,1907,62.19,9,3,0,1,0,0,--,0,161,10,212,hustle,2025,0.7,-0.7,1.57,-0.36,-0.36,210.0,0.2,0.68,0.683
Jeremy Langdon,9,146,149,35,16,19,2,31,108,0.76,2121,816,1305,63.76,15,3,0,3,0,2,66.67,4,115,31,151,hustle,2025,1.81,-0.86,1.74,0.8,1.44,210.0,1.255,1.425,1.208
Dean Ramsey,14,239,117,18,6,12,10,28,18,0.41,935,117,818,53.85,3,0,0,0,1,1,100.00,122,10,229,253,hustle,2025,0.33,0.3,0.18,-0.59,-0.98,210.0,-0.211,-0.074,-0.081
Lukas McClamrock,12,190,95,18,12,6,16,24,104,-0.63,1106,764,342,57.89,12,10,0,0,1,1,50.00,0,3,187,211,hustle,2025,0.98,2.04,0.35,0.34,2.26,210.0,0.818,0.654,0.656
Tyler Randall,14,260,128,17,7,10,10,23,77,0.72,796,347,449,55.47,9,3,0,1,0,2,100.00,0,0,260,282,hustle,2025,-0.05,0.16,-0.34,-1.05,0.46,210.0,-0.019,-0.131,-0.152
Cameron Brock,11,163,193,27,11,16,1,22,174,0.92,2209,894,1315,62.18,10,5,1,1,0,2,100.00,0,163,0,201,hustle,2025,0.08,-1.17,0.35,0.11,-0.13,210.0,0.203,0.254,0.248
Michael Fairley,9,163,84,15,9,6,10,20,58,-0.14,931,579,352,53.57,2,5,0,0,1,6,85.71,109,7,156,175,hustle,2025,0.79,1.1,0.18,0.11,-1.04,210.0,-0.024,0.047,0.043
Sean Connole,10,164,187,24,8,16,4,18,136,0.22,1996,675,1321,58.82,10,9,0,1,0,4,80.00,0,133,31,193,hustle,2025,-0.13,-0.42,0.01,0.11,-0.08,210.0,0.013,0.012,0.012
Michael Poe,6,84,34,8,2,6,6,14,17,0.35,465,133,332,67.65,3,0,0,0,0,1,100.00,0,0,84,81,hustle,2025,1.82,1.52,1.05,0.8,1.04,210.0,1.076,1.067,0.663
Christian Olsen,9,168,202,19,12,7,2,13,371,1.11,2684,2167,517,63.37,22,6,0,2,0,1,50.00,1,161,7,191,hustle,2025,-0.75,-0.93,-0.52,0.57,1.7,210.0,0.564,0.185,0.176
Kennith Taylor,11,196,89,10,5,5,10,12,83,-0.32,721,542,179,58.43,10,7,0,1,0,3,75.00,6,1,195,204,hustle,2025,-0.42,0.68,-0.86,-0.59,1.82,210.0,0.118,-0.224,-0.221
Trip Crowley,7,64,42,8,0,8,2,10,13,1.49,223,-61,284,50.0,0,0,0,0,0,0,--,0,17,47,73,hustle,2025,1.0,-0.14,0.87,-1.28,-1.8,210.0,-0.172,0.193,0.114
Jakeem Polk,12,171,81,5,3,2,4,8,22,0.6,204,107,97,46.91,1,1,0,0,0,1,100.00,30,2,169,180,hustle,2025,-1.34,-0.46,-1.04,-1.74,-1.41,210.0,-1.07,-1.06,-0.981
Mike Kobyra,12,139,71,5,2,3,3,8,17,1.49,323,110,213,54.93,3,0,0,0,0,0,--,12,0,139,157,hustle,2025,-1.19,-0.53,-0.86,-1.28,-0.44,210.0,-0.489,-0.619,-0.535
Franky Fernandez,7,100,54,4,3,1,6,7,23,0.63,209,24,185,50.0,0,1,0,2,0,0,--,0,0,100,112,hustle,2025,-1.12,1.05,-0.69,-1.51,-1.8,210.0,-1.038,-0.916,-0.669
Mark Henke,12,260,266,59,22,37,12,62,169,0.67,3114,752,2362,56.02,16,7,0,2,1,3,75.00,0,173,87,289,sol,2025,1.57,0.48,2.26,0.34,0.14,193.0,0.725,1.262,1.544
Eric Brodbeck,13,280,338,49,21,28,4,39,322,0.4,4496,2481,2015,56.8,21,14,0,0,0,2,66.67,0,276,4,305,sol,2025,0.17,-0.83,0.53,0.57,0.2,193.0,0.324,0.396,0.498
Jackson Potts,8,189,218,49,28,21,2,38,158,0.04,2791,1073,1718,57.8,12,12,0,1,0,5,41.67,4,168,21,199,sol,2025,1.63,-0.98,1.57,0.57,-0.03,193.0,0.632,0.96,0.975
Kyle Henke,13,319,367,57,29,28,12,37,427,-0.19,6491,3395,3096,56.13,36,32,1,0,0,16,51.61,1,290,29,337,sol,2025,0.36,0.13,0.18,1.72,1.36,193.0,0.84,0.609,0.805
Joey Wylie,11,251,259,40,23,17,5,33,270,0.69,3777,1664,2113,56.76,19,10,0,2,0,2,50.00,0,171,80,272,sol,2025,0.34,-0.6,0.35,1.03,0.56,193.0,0.638,0.537,0.637
Myles Armstrong,10,205,246,40,18,22,0,28,188,0.45,3051,1311,1740,55.69,18,10,0,2,0,9,90.00,0,201,4,223,sol,2025,0.49,-1.42,0.53,0.34,0.55,193.0,0.46,0.485,0.521
Owen Johnson,12,183,115,16,4,12,14,26,58,0.17,967,157,810,59.13,8,4,0,0,0,0,--,0,21,162,192,sol,2025,0.07,1.73,0.53,-0.59,0.44,193.0,0.018,0.197,0.196
Connor DeLuna,9,147,85,17,5,12,9,25,14,0.12,639,74,565,56.47,3,1,0,0,0,0,--,0,2,145,155,sol,2025,1.18,1.1,1.05,-0.59,-0.67,193.0,0.063,0.408,0.366
Reese Bowman,8,174,196,28,13,15,1,21,94,0.07,1851,787,1064,55.1,10,6,0,2,0,4,57.14,1,165,9,179,sol,2025,0.14,-1.19,0.18,-0.36,-0.16,193.0,-0.074,0.015,0.014
Mick Walter,11,176,120,11,5,6,7,18,68,1.49,899,528,371,50.83,4,0,0,0,0,1,100.00,0,25,151,195,sol,2025,-0.8,0.22,-0.17,-0.82,-0.73,193.0,-0.329,-0.273,-0.274
Noah Powell,12,180,94,7,1,6,10,17,35,1.49,593,75,518,52.13,2,0,0,0,0,0,--,0,3,177,181,sol,2025,-1.11,0.87,-0.34,-1.05,-1.12,193.0,-0.577,-0.494,-0.478
Elliott Moore,12,244,274,42,30,12,1,16,379,0.12,4797,3678,1119,54.74,28,26,1,1,0,12,66.67,0,194,50,267,sol,2025,0.32,-1.25,-0.69,1.72,1.49,193.0,0.923,0.358,0.421
Carson Armstrong,12,239,280,29,19,10,0,12,323,0.46,4195,2468,1727,57.86,20,16,0,1,0,6,66.67,0,229,10,254,sol,2025,-0.58,-1.42,-1.04,1.03,0.5,193.0,0.301,-0.168,-0.193
Nicholas DiGiorgio,9,119,112,15,6,9,2,12,56,0.12,926,232,694,54.46,4,4,0,1,0,1,100.00,0,58,61,134,sol,2025,-0.03,-0.73,-0.17,-0.59,-0.65,193.0,-0.295,-0.251,-0.209
Trenton Hebert,8,86,39,11,7,4,2,12,29,0.81,472,252,220,64.1,2,1,0,0,0,1,100.00,3,0,86,77,sol,2025,2.67,-0.46,0.53,0.34,-0.15,193.0,1.01,0.842,0.532
Brandon Dial,11,175,129,11,5,6,4,11,98,0.69,856,392,464,51.16,6,4,0,0,0,0,--,3,27,148,201,sol,2025,-0.91,-0.48,-0.86,-0.82,-0.3,193.0,-0.415,-0.571,-0.583
Alex Janelle,9,97,58,7,5,2,8,9,39,-1.64,577,366,211,51.72,4,6,1,0,0,4,66.67,45,0,97,103,sol,2025,-0.27,1.97,-0.34,-0.12,0.42,193.0,-0.334,-0.336,-0.245
Daniel Welkener,9,96,67,8,5,3,3,9,46,0.63,695,469,226,59.7,2,2,0,0,0,2,66.67,24,1,95,107,sol,2025,-0.29,-0.14,-0.34,-0.12,-0.84,193.0,-0.201,-0.25,-0.186
Oakley Armstrong,9,108,69,6,1,5,5,7,24,-0.79,410,220,190,50.72,5,3,0,1,1,0,--,3,0,108,123,sol,2025,-0.88,0.48,-0.86,-1.05,0.53,193.0,-0.552,-0.66,-0.527
Noah Furrh,6,70,36,2,0,2,4,4,6,-3.65,156,41,115,36.11,0,2,0,0,0,0,--,0,3,67,69,sol,2025,-1.45,0.93,-0.86,-1.51,-1.8,193.0,-1.992,-1.596,-0.954
Tobe Decraene,14,267,323,91,50,41,4,72,406,0.34,6502,2230,4272,56.04,25,20,0,3,0,7,63.64,1,248,19,327,glory,2025,2.66,-0.8,2.78,2.18,0.69,209.0,1.584,2.003,2.505
Jeff Babbitt,12,223,208,28,0,28,24,51,197,1.08,1330,284,1046,52.4,12,1,0,0,0,0,--,0,117,106,277,glory,2025,-0.02,3.01,2.09,-1.05,0.06,209.0,-0.037,0.707,0.814
Tannor Johnson-Go,11,192,130,37,25,12,14,43,211,0.74,2357,1113,1244,56.92,11,7,0,1,0,2,40.00,119,28,164,241,glory,2025,2.72,1.58,1.92,1.72,0.92,209.0,1.624,1.728,1.856
Orion Cable,15,274,328,57,17,40,5,39,181,-0.46,4308,678,3630,54.88,12,19,1,4,0,17,56.67,0,250,24,322,glory,2025,0.7,-0.67,0.53,0.57,-0.62,209.0,0.105,0.254,0.315
Simon Carapella,11,179,234,36,20,16,7,37,304,0.97,2868,1063,1805,58.97,20,4,0,2,0,6,85.71,0,179,0,232,glory,2025,0.33,0.19,1.74,0.34,0.95,209.0,0.616,1.009,1.063
Benjamin Sadok,13,226,283,44,30,14,4,35,455,0.88,5349,4216,1133,58.66,21,13,0,0,0,15,78.95,0,226,0,281,glory,2025,0.36,-0.69,0.7,1.95,0.59,209.0,0.919,0.842,0.976
Calvin Stoughton,12,223,236,48,28,20,7,33,279,-0.14,3923,1811,2112,58.9,27,22,0,0,0,8,57.14,1,156,67,274,glory,2025,1.24,-0.13,0.7,1.49,1.88,209.0,1.186,1.016,1.163
Albert Yuan,15,193,192,24,9,15,4,22,89,0.61,1814,532,1282,56.25,12,2,0,4,0,1,100.00,0,106,87,262,glory,2025,-0.19,-0.57,0.01,-0.36,0.21,209.0,0.027,0.021,0.024
Tyler Chan,11,170,134,15,9,6,11,20,115,0.16,1487,793,694,55.22,8,6,0,0,0,4,44.44,2,38,132,212,glory,2025,-0.43,1.24,0.18,0.11,0.12,209.0,-0.04,0.037,0.037
Nathanial Dick,14,225,294,25,11,14,1,16,422,1.11,3462,2605,857,55.78,23,8,0,2,0,2,66.67,0,225,0,300,glory,2025,-0.92,-1.24,-0.69,0.34,0.72,209.0,0.211,-0.104,-0.125
Ivan Tran,11,134,71,7,2,5,8,15,60,1.49,485,135,350,54.93,5,0,0,0,0,1,100.00,0,0,134,170,glory,2025,-0.67,1.04,0.01,-0.82,0.46,209.0,0.007,0.008,0.007
Sebastian Rossi,10,138,76,10,5,5,7,15,34,0.35,716,254,462,63.16,1,2,0,0,0,2,100.00,11,12,126,159,glory,2025,-0.07,0.67,0.01,-0.36,-1.38,209.0,-0.386,-0.247,-0.215
Turner Allen,9,126,72,11,6,5,6,15,99,1.08,810,167,643,62.5,5,1,0,1,0,0,--,0,10,116,162,glory,2025,0.32,0.54,0.18,0.11,0.43,209.0,0.447,0.354,0.312
Brendan McCann,15,226,133,14,6,8,4,11,161,0.4,1310,1235,75,54.14,8,6,0,1,0,9,81.82,66,7,219,269,glory,2025,-0.55,-0.69,-1.04,-0.12,0.14,209.0,-0.08,-0.416,-0.472
Topher Davis,12,183,217,15,9,6,3,10,169,0.79,1587,815,772,56.22,13,6,0,2,0,1,33.33,0,155,28,248,glory,2025,-1.21,-0.75,-1.04,-0.82,0.13,209.0,-0.377,-0.609,-0.663
Wyatt Kellman,3,52,58,15,10,5,2,10,50,-1.64,892,358,534,53.45,5,7,0,0,0,3,50.00,0,47,5,62,glory,2025,2.24,0.16,1.39,1.03,0.97,209.0,0.844,1.035,0.564
Peter Boerth,4,71,44,10,1,9,2,9,50,0.33,583,170,413,63.64,7,2,0,1,0,0,--,0,14,57,84,glory,2025,1.67,-0.26,0.35,0.57,3.32,209.0,1.54,1.124,0.713
Benjamin Horrisberger,8,112,61,5,3,2,6,8,44,0.18,381,23,358,57.38,1,2,0,1,0,0,--,0,0,112,135,glory,2025,-0.97,0.78,-0.69,-1.05,-1.27,209.0,-0.835,-0.784,-0.63
Cole Moore,3,41,28,7,4,3,3,8,17,-0.67,147,42,105,57.14,0,2,0,0,0,0,0.00,0,2,39,54,glory,2025,2.09,1.59,1.57,-1.28,-1.8,209.0,-0.277,0.369,0.188
Oscar Graff,5,72,37,7,4,3,1,8,96,1.49,534,324,210,62.16,6,0,0,0,0,1,100.00,0,6,66,104,glory,2025,0.98,-0.85,0.01,0.8,3.42,209.0,1.647,1.074,0.758
Allan Laviolette,11,229,284,89,67,22,6,77,393,0.45,5660,3954,1706,58.1,15,16,0,2,0,32,86.49,0,228,1,261,flyers,2025,3.24,-0.34,4.0,2.18,-0.1,175.0,1.582,2.428,2.965
Jacob Fairfax,10,213,239,52,16,36,5,47,168,0.67,3919,816,3103,60.67,15,7,0,3,0,12,85.71,0,195,18,216,flyers,2025,1.5,-0.45,1.92,1.26,0.22,175.0,0.954,1.292,1.435
Grayson Sanner,12,241,291,56,24,32,7,43,210,-0.21,4387,1407,2980,61.51,21,15,0,5,0,10,83.33,1,237,4,261,flyers,2025,1.04,-0.23,1.22,1.03,0.52,175.0,0.658,0.855,1.044
Rutledge Smith,8,173,201,41,12,29,3,36,323,0.99,2983,1656,1327,61.69,15,6,0,2,0,0,--,0,166,7,196,flyers,2025,1.25,-0.71,1.74,1.03,0.6,175.0,0.98,1.246,1.319
Ethan Bloodworth,10,211,148,26,21,5,8,26,181,0.62,1591,805,786,56.76,18,7,0,1,0,3,75.00,3,64,147,239,flyers,2025,0.73,0.14,0.18,0.11,2.11,175.0,0.898,0.647,0.756
Terrence Mitchell,11,183,223,34,17,17,4,26,120,0.21,2730,850,1880,61.43,12,8,0,4,0,5,100.00,0,182,1,194,flyers,2025,0.31,-0.52,0.53,0.34,-0.07,175.0,0.202,0.317,0.334
Dylan Hawkins,10,188,223,31,6,25,3,25,149,0.57,1789,350,1439,58.3,16,5,0,4,0,1,33.33,0,176,12,190,flyers,2025,0.06,-0.76,0.35,-0.59,0.51,175.0,0.112,0.195,0.203
Trevor Lynch,6,113,90,21,10,11,2,18,90,0.41,1621,708,913,56.67,6,4,0,1,0,4,80.00,14,53,60,122,flyers,2025,1.78,-0.69,0.87,1.72,0.35,175.0,1.134,1.042,0.87
William Coffin,10,190,135,19,12,7,13,17,102,-1.3,1693,967,726,48.15,4,14,0,1,0,8,53.33,114,52,138,207,flyers,2025,0.1,1.39,-0.34,0.57,-0.85,175.0,-0.3,-0.314,-0.342
Cooper Williams,10,175,108,10,3,7,9,15,38,-0.9,582,87,495,50.93,1,4,0,0,0,0,0.00,11,15,160,202,flyers,2025,-0.78,0.69,-0.34,-1.28,-1.5,175.0,-1.109,-0.84,-0.902
Matt Tucker,12,211,107,11,1,10,9,15,27,-1.16,622,52,570,55.14,8,4,0,1,0,0,--,1,1,210,219,flyers,2025,-0.6,0.34,-0.69,-1.05,0.61,175.0,-0.522,-0.581,-0.65
Drew Swanson,7,102,49,4,2,2,10,14,9,1.49,232,32,200,51.02,1,0,0,0,0,0,--,0,6,96,102,flyers,2025,-0.98,2.61,0.53,-1.28,-1.14,175.0,-0.601,-0.205,-0.157
Suraj Madiraju,10,182,98,14,8,6,2,12,90,0.41,737,424,313,54.08,6,4,0,0,0,1,100.00,0,10,172,204,flyers,2025,0.14,-0.97,-0.69,-0.59,0.17,175.0,0.019,-0.229,-0.247
Andrew Vande Berg,7,105,60,6,1,5,6,10,22,1.49,336,57,279,48.33,2,0,0,2,0,0,--,49,12,93,121,flyers,2025,-0.65,0.93,-0.17,-1.05,-0.73,175.0,-0.342,-0.282,-0.234
Sean Wiles,8,128,155,11,3,8,0,10,100,1.29,1538,154,1384,64.52,13,1,0,0,0,2,100.00,0,126,2,150,flyers,2025,-1.17,-1.42,-0.52,-0.12,0.9,175.0,0.102,-0.116,-0.107
John Wellers,10,156,70,4,1,3,8,9,21,-0.3,284,-11,295,62.86,2,2,0,1,0,0,--,0,1,155,170,flyers,2025,-1.43,0.69,-0.86,-1.51,-0.88,175.0,-1.086,-1.007,-0.993
Christian Belus,3,48,33,6,1,5,3,7,12,-1.45,207,17,190,51.52,0,2,0,0,0,0,--,0,6,42,51,flyers,2025,0.84,1.15,0.7,-1.05,-1.8,175.0,-0.75,-0.243,-0.131
Suhas Madiraju,10,164,100,7,3,4,3,7,108,0.76,504,396,108,57.0,4,3,0,0,1,1,100.00,1,15,149,203,flyers,2025,-1.19,-0.67,-1.21,-1.28,-0.51,175.0,-0.652,-0.847,-0.912
Angelo Olcese,8,114,73,8,7,1,2,6,78,0.49,622,527,95,49.32,5,4,0,0,0,1,50.00,0,9,105,142,flyers,2025,-0.47,-0.7,-1.04,-0.36,0.4,175.0,-0.033,-0.385,-0.347
Walker Matthews,5,49,30,6,4,2,1,5,18,-0.56,430,145,285,50.0,1,2,0,0,0,2,100.00,21,5,44,57,flyers,2025,1.18,-0.58,-0.17,0.8,-0.73,175.0,0.259,0.109,0.062
Daan De Marrée,10,215,251,78,33,45,19,83,273,0.63,5168,1933,3235,59.36,29,11,0,3,0,5,55.56,4,157,58,233,union,2025,3.19,2.22,4.87,2.41,1.92,166.0,2.165,3.112,3.687
Benjamin Preiss,12,234,255,54,16,38,11,55,138,0.23,3126,651,2475,62.75,13,7,0,3,0,3,75.00,0,160,74,245,union,2025,1.39,0.51,2.26,0.34,-0.16,166.0,0.508,1.121,1.362
Pawel Janas,10,156,132,32,29,3,1,28,228,0.55,1887,1550,337,61.36,13,5,0,0,0,4,44.44,71,33,123,182,union,2025,1.95,-1.16,1.22,0.8,1.37,166.0,1.238,1.232,1.29
William Wettengel,8,161,113,18,10,8,15,28,63,-0.56,1292,390,902,59.29,3,5,0,0,0,2,40.00,6,17,144,182,union,2025,0.43,2.41,1.05,0.11,-0.95,166.0,-0.193,0.242,0.253
Xavier Payne,10,208,174,32,26,6,15,27,306,-0.12,2373,2292,81,55.17,16,19,0,1,1,13,59.09,152,27,181,238,union,2025,0.88,1.55,0.35,0.8,1.16,166.0,0.73,0.597,0.715
Gabe Schoepke,6,100,92,18,4,14,7,22,14,1.49,663,43,620,52.17,2,0,0,3,0,0,--,1,0,100,118,union,2025,1.1,1.46,1.92,-0.82,-1.1,166.0,0.148,0.768,0.648
Jake Rubin-Miller,11,178,147,16,5,11,9,21,54,0.41,809,210,599,61.9,8,3,0,1,1,1,100.00,0,4,174,222,union,2025,-0.49,0.66,0.18,-1.05,-0.05,166.0,-0.34,-0.158,-0.183
Tim Schoch,7,142,111,12,5,7,11,21,58,1.14,572,167,405,56.76,3,0,1,2,0,0,--,0,15,127,156,union,2025,-0.5,1.77,0.7,-1.28,-0.93,166.0,-0.475,-0.064,-0.062
Brandon Van Deusen,12,202,264,30,26,4,4,19,358,0.56,3804,3110,694,56.44,28,14,0,1,0,11,78.57,2,188,14,228,union,2025,-0.4,-0.61,-0.34,0.8,1.61,166.0,0.594,0.267,0.313
Jesse Johnson,8,116,86,17,5,12,10,19,39,-0.42,785,143,642,61.63,7,4,0,4,0,0,0.00,0,1,115,132,union,2025,1.13,2.13,0.87,-0.36,0.82,166.0,0.37,0.545,0.486
Wilson Matthews,10,147,197,21,1,20,2,19,70,0.92,1489,15,1474,51.27,8,2,0,2,0,0,--,0,139,8,179,union,2025,-0.53,-0.86,0.35,-0.59,-0.49,166.0,-0.245,-0.037,-0.038
Jeff Gao,8,118,83,14,6,8,4,18,67,1.49,679,316,363,60.24,6,0,0,0,0,0,--,0,0,118,138,union,2025,0.61,-0.03,0.7,-0.59,0.53,166.0,0.466,0.548,0.5
Jack Shanahan,11,177,222,26,14,12,3,18,166,0.22,2563,1180,1383,56.31,18,9,1,2,0,6,60.00,2,168,9,197,union,2025,-0.33,-0.72,-0.17,0.34,0.81,166.0,0.232,0.091,0.099
Kyle Rutledge,8,136,174,24,9,15,7,17,170,-0.38,2033,1149,884,54.6,10,11,0,3,0,2,33.33,0,109,27,156,union,2025,0.04,0.7,0.18,0.34,0.05,166.0,0.034,0.085,0.082
Jake Steslicki,8,131,102,12,7,5,4,15,116,1.14,502,239,263,60.78,7,1,0,0,0,0,--,1,4,127,156,union,2025,-0.33,-0.17,0.01,-1.28,0.41,166.0,-0.089,-0.054,-0.052
Sam Kaminsky,7,103,138,15,9,6,1,14,131,1.49,1269,823,446,60.14,12,0,0,2,0,0,--,1,95,8,107,union,2025,-0.49,-1.02,0.53,-0.36,1.0,166.0,0.311,0.388,0.312
Jeff Weis,8,163,122,8,0,8,7,13,101,1.29,639,272,367,53.28,10,0,0,2,0,0,--,0,27,136,174,union,2025,-1.27,0.34,-0.52,-1.28,0.84,166.0,-0.233,-0.333,-0.341
Nate Astrom,5,63,74,12,5,7,5,12,29,-1.0,779,221,558,60.81,3,3,0,2,0,1,33.33,1,40,23,76,union,2025,0.49,1.85,1.39,0.11,-0.5,166.0,-0.151,0.388,0.263
Simon Dastrup,5,84,79,13,5,8,4,12,31,-0.86,933,278,655,68.35,2,4,0,1,0,4,100.00,0,33,51,92,union,2025,0.53,0.54,0.53,0.34,-0.99,166.0,-0.176,0.071,0.053
Andrew Sjogren,8,88,73,10,4,6,4,11,33,-0.22,599,137,462,63.01,2,3,0,0,0,0,--,0,8,80,105,union,2025,0.03,0.45,0.18,-0.59,-0.92,166.0,-0.412,-0.205,-0.163
Seth Faris,13,245,238,56,17,39,8,57,75,-0.71,2627,1111,1516,57.14,8,7,0,0,0,15,75.00,14,153,92,255,apex,2025,1.82,-0.07,2.09,0.11,-0.72,194.0,0.252,0.895,1.026
Noah Coolman,13,299,265,48,26,22,24,55,190,-0.38,3794,1568,2226,54.72,17,17,0,0,0,9,64.29,1,108,191,340,apex,2025,0.83,1.88,1.22,0.8,0.26,194.0,0.438,0.712,0.943
Quinn Finer,13,295,358,70,34,36,0,45,320,-0.11,5916,2648,3268,53.63,30,22,0,3,0,22,66.67,0,283,12,345,apex,2025,1.09,-1.42,0.7,1.49,0.9,194.0,0.903,0.832,1.11
Nanda Min-Fink,9,173,190,38,22,16,2,25,230,0.39,2990,1189,1801,54.74,20,13,1,2,1,4,57.14,0,141,32,195,apex,2025,1.18,-0.94,0.53,1.26,1.59,194.0,1.144,0.929,0.931
Hunter May,10,132,93,16,4,12,11,24,17,-0.67,772,16,756,51.61,3,1,0,2,0,0,--,0,14,118,152,apex,2025,0.67,2.01,1.22,-0.59,-0.76,194.0,-0.27,0.251,0.222
Matt Jackson,13,175,153,19,13,6,7,20,139,1.06,1125,770,355,56.21,13,3,0,3,0,2,66.67,0,36,139,214,apex,2025,-0.21,0.23,0.01,-0.82,0.93,194.0,0.177,0.119,0.125
Elliot Hawkins,4,85,84,20,10,10,3,17,44,-0.98,1431,356,1075,52.38,3,5,0,1,0,3,75.00,5,63,22,82,apex,2025,1.87,0.03,1.57,1.49,-0.65,194.0,0.575,0.923,0.6
Sam VanDusen,12,214,141,24,17,7,10,17,122,-1.15,1634,1167,467,54.61,15,16,0,1,0,5,35.71,127,20,194,216,apex,2025,0.63,0.5,-0.52,0.34,1.62,194.0,0.449,0.11,0.116
Zeke Thoreson,6,127,156,21,7,14,2,16,102,0.35,2216,396,1820,57.05,13,5,0,2,0,1,50.00,0,121,6,151,apex,2025,-0.02,-0.77,0.35,0.8,0.88,194.0,0.484,0.437,0.386
Jay Froude,11,182,164,17,5,12,4,14,83,0.32,1400,446,954,51.83,7,4,0,3,0,1,50.00,0,83,99,200,apex,2025,-0.58,-0.51,-0.52,-0.36,-0.43,194.0,-0.307,-0.382,-0.388
Tobias Brooks,6,143,167,30,25,5,2,14,307,0.29,3942,3226,716,55.09,26,17,0,1,0,15,65.22,0,136,7,158,apex,2025,0.8,-0.84,-0.17,3.1,3.21,194.0,1.876,1.16,1.047
Sandy Brown,7,92,67,11,2,9,4,13,29,0.81,486,55,431,55.22,2,1,0,1,0,2,100.00,0,7,85,112,apex,2025,0.52,0.37,0.53,-0.82,-0.84,194.0,-0.097,0.122,0.093
Sam Goldstein,11,133,99,12,6,6,6,13,79,-0.4,821,520,301,50.51,4,5,0,0,0,2,40.00,0,10,123,166,apex,2025,-0.26,0.44,-0.17,-0.59,-0.5,194.0,-0.431,-0.34,-0.315
Erik Hotaling,10,142,98,13,7,6,7,12,74,-0.28,1198,650,548,52.04,6,7,0,1,0,3,50.00,11,14,128,167,apex,2025,-0.05,0.61,-0.52,0.34,0.17,194.0,0.057,-0.145,-0.135
Timothy Elliott,10,194,239,21,13,8,2,12,289,0.67,3265,2009,1256,56.07,17,9,0,2,0,1,100.00,0,191,3,222,apex,2025,-0.87,-1.0,-0.86,0.8,0.49,194.0,0.196,-0.174,-0.186
Alex Atkins,4,109,97,18,12,6,8,11,136,-0.55,1104,775,329,48.45,4,13,0,2,0,6,50.00,77,20,89,129,apex,2025,0.91,1.6,-0.17,0.11,-0.48,194.0,0.07,-0.014,-0.011
Connor Olson,13,238,300,25,15,10,2,11,359,0.61,2776,2245,531,53.67,20,15,0,1,0,3,42.86,1,233,5,282,apex,2025,-0.95,-1.07,-1.04,-0.36,0.35,194.0,-0.165,-0.471,-0.568
Jeremy Knopf,12,170,134,12,6,6,1,11,116,1.14,696,507,189,58.96,2,2,0,0,0,3,100.00,0,62,108,179,apex,2025,-0.84,-1.18,-0.86,-1.28,-1.32,194.0,-0.674,-0.739,-0.71
Andrew Muller,8,98,66,8,4,4,3,10,15,1.49,421,185,236,62.12,3,0,0,1,0,1,100.00,0,5,93,106,apex,2025,-0.26,-0.16,-0.17,-1.05,-0.34,194.0,-0.128,-0.143,-0.106
Kai Marshall,13,205,132,6,2,4,8,10,43,0.15,770,246,524,51.52,5,2,0,2,0,1,100.00,0,26,179,199,apex,2025,-1.64,0.18,-1.04,-1.05,-0.58,194.0,-0.869,-0.929,-0.941
Rowan McDonnell,14,265,322,66,42,24,3,41,299,-0.1,3750,1638,2112,54.97,15,25,0,3,0,9,50.00,1,261,4,330,breeze,2025,1.27,-0.95,0.7,0.34,-0.3,202.0,0.371,0.486,0.621
Andrew Roy,13,256,310,44,25,19,3,32,641,1.02,5563,4402,1161,53.87,30,14,0,1,0,7,70.00,0,253,3,317,breeze,2025,0.12,-0.94,0.18,1.72,1.31,202.0,0.998,0.712,0.892
Cole Jurek,9,162,187,39,11,28,1,32,234,0.9,3723,841,2882,60.43,23,6,0,2,0,2,28.57,0,154,8,193,breeze,2025,1.33,-1.16,1.57,2.18,2.16,202.0,1.664,1.631,1.594
Thomas Edmonds,10,205,221,38,18,20,5,30,304,0.34,3245,1887,1358,52.04,13,13,0,0,0,6,60.00,19,150,55,239,breeze,2025,0.66,-0.42,0.7,1.03,0.09,202.0,0.546,0.6,0.653
Tyler Monroe,13,224,266,37,25,12,3,29,331,1.01,3258,1497,1761,58.65,28,8,1,3,0,3,75.00,0,223,1,291,breeze,2025,0.07,-0.87,0.35,0.34,1.59,202.0,0.706,0.581,0.697
Aidan Downey,8,159,152,30,13,17,4,28,165,0.66,2177,689,1488,59.21,16,5,1,1,0,3,60.00,5,105,54,186,breeze,2025,1.13,-0.38,1.22,0.8,1.59,202.0,1.068,1.121,1.076
Christian Boxley,7,129,141,32,14,18,0,27,163,1.0,1906,355,1551,58.87,8,4,0,1,0,0,--,0,116,13,159,breeze,2025,1.67,-1.42,1.74,0.8,0.02,202.0,0.906,1.198,1.063
Miles Grovic,8,119,63,9,3,6,12,20,28,0.78,813,133,680,47.62,4,1,0,0,0,0,--,0,12,107,135,breeze,2025,0.14,2.73,1.05,0.57,0.24,202.0,0.4,0.628,0.513
Jasper Tom,11,158,90,10,5,5,11,19,87,1.26,466,469,-3,53.33,4,1,0,1,0,2,100.00,0,2,156,185,breeze,2025,-0.44,1.44,0.18,-1.28,-0.37,202.0,-0.292,-0.127,-0.122
Kevin Healey,14,187,129,18,5,13,5,18,67,0.07,902,222,680,55.04,2,4,0,1,0,0,--,0,42,145,228,breeze,2025,0.07,-0.32,-0.17,-0.82,-1.3,202.0,-0.495,-0.381,-0.405
AJ Merriman,14,255,159,19,13,6,10,16,127,-0.55,1564,760,804,45.91,5,13,0,0,0,4,36.36,152,42,213,279,breeze,2025,-0.29,0.19,-0.86,-0.12,-0.79,202.0,-0.424,-0.577,-0.678
Gus Norrbom,10,150,184,20,11,9,0,16,295,1.15,2543,1934,609,56.52,15,4,0,0,0,0,--,0,149,1,195,breeze,2025,-0.49,-1.42,0.01,0.8,0.82,202.0,0.488,0.321,0.315
Coby Loveranes,6,76,83,14,0,14,3,13,49,-0.06,1097,146,951,60.24,7,3,0,1,0,0,--,0,70,6,79,breeze,2025,0.61,0.21,1.05,0.57,0.91,202.0,0.541,0.719,0.45
Moussa Dia,9,124,82,10,3,7,6,13,51,0.72,678,242,436,52.44,6,2,0,1,0,0,--,0,19,105,153,breeze,2025,-0.25,0.57,-0.17,-0.59,0.55,202.0,0.059,-0.021,-0.018
Micah Wagner,4,65,40,6,1,5,6,12,29,1.49,557,197,360,60.0,2,0,0,0,0,1,100.00,0,0,65,74,breeze,2025,0.26,2.38,1.22,0.8,-0.19,202.0,0.528,0.77,0.466
Alexandre Fall,12,171,103,7,2,5,9,11,31,-0.86,591,-27,618,46.6,2,4,0,1,0,0,--,0,3,168,205,breeze,2025,-1.23,0.74,-0.86,-1.05,-1.18,202.0,-1.098,-1.015,-1.023
Ben Greenberg,8,98,62,10,7,3,3,10,68,0.35,703,480,223,59.68,1,3,0,0,0,2,100.00,40,1,97,129,breeze,2025,0.47,-0.16,-0.17,0.11,-1.28,202.0,-0.082,-0.113,-0.09
Jeff Wodatch,12,177,213,23,10,13,5,10,180,-0.09,2845,1030,1815,51.64,16,15,0,3,0,5,62.50,0,167,10,221,breeze,2025,-0.5,-0.26,-0.86,0.57,0.62,202.0,0.13,-0.216,-0.226
Jacques Nissen,13,257,307,37,26,11,3,9,595,0.35,6405,4371,2034,54.07,22,31,0,0,0,14,70.00,0,253,4,325,breeze,2025,-0.27,-0.94,-1.21,2.41,0.51,202.0,0.719,0.044,0.056
Rhys Bergeron,8,85,46,6,3,3,3,9,19,1.49,324,134,190,56.52,0,0,0,0,0,1,100.00,1,0,85,107,breeze,2025,-0.09,0.03,0.01,-0.82,-1.8,202.0,-0.384,-0.246,-0.179
Connor Concannon,11,239,297,36,10,26,2,20,80,-0.99,2767,402,2365,34.68,9,11,0,7,0,4,66.67,0,221,18,243,mechanix,2025,-0.26,-1.07,-0.52,-0.36,-0.83,144.0,-0.573,-0.554,-0.72
Jake Felton,12,292,371,80,62,18,4,16,406,-1.82,6542,4760,1782,36.12,18,66,0,2,0,49,59.04,9,276,16,298,mechanix,2025,1.46,-0.86,-1.04,1.72,-0.24,144.0,0.444,-0.075,-0.108
Brendan Gessner,12,269,340,21,4,17,3,15,152,0.71,2275,536,1739,35.29,10,6,0,3,0,2,100.00,0,251,18,281,mechanix,2025,-1.34,-0.96,-0.86,-0.82,-0.86,144.0,-0.68,-0.743,-1.038
Trevor Polisuk-Balfour,8,121,93,11,7,4,9,15,39,-0.84,886,346,540,30.11,3,5,0,0,0,4,80.00,0,23,98,143,mechanix,2025,-0.31,1.64,0.18,-0.12,-0.76,144.0,-0.481,-0.25,-0.249
Trey Koch,11,171,174,16,4,12,5,14,46,-0.52,1041,171,870,29.89,3,4,0,3,0,0,--,0,111,60,182,mechanix,2025,-0.79,-0.22,-0.52,-1.05,-1.25,144.0,-0.916,-0.777,-0.874
Nathan Ploeger,9,185,200,18,6,12,2,13,64,-1.52,1703,411,1292,34.5,6,7,0,0,0,1,50.00,0,137,48,192,mechanix,2025,-0.83,-0.98,-0.69,-0.36,-0.84,144.0,-0.853,-0.796,-0.919
David Cox,10,190,251,27,10,17,6,11,119,-1.08,2498,1027,1471,37.05,15,16,0,6,1,6,33.33,0,187,3,199,mechanix,2025,-0.51,-0.12,-0.86,-0.12,0.12,144.0,-0.369,-0.541,-0.636
Darren Dyer,2,34,27,5,1,4,5,10,5,1.49,271,12,259,33.33,1,0,0,0,0,0,--,0,4,30,50,mechanix,2025,0.91,4.63,3.13,-0.12,-0.61,144.0,0.388,1.348,0.794
Justin Perticone,8,188,256,20,10,10,5,10,187,0.16,2380,918,1462,39.06,19,11,0,4,0,2,40.00,0,180,8,209,mechanix,2025,-1.04,-0.33,-1.04,-0.36,0.59,144.0,-0.222,-0.508,-0.612
Malachi Neil,6,101,131,11,6,5,2,8,54,-0.25,921,342,579,35.88,4,5,0,0,0,0,0.00,1,85,16,116,mechanix,2025,-0.94,-0.61,-0.52,-0.82,-0.82,144.0,-0.742,-0.664,-0.596
Gregory Moreno,9,170,110,10,7,3,10,6,85,-1.24,845,350,495,29.09,4,13,0,1,0,1,33.33,0,37,133,176,mechanix,2025,-0.81,1.0,-1.21,-0.59,-0.63,144.0,-0.796,-0.941,-1.04
Terry Gaither,8,124,86,6,1,5,2,6,14,0.12,231,12,219,27.91,0,1,0,1,0,0,--,0,39,85,134,mechanix,2025,-1.2,-0.76,-1.04,-1.74,-1.8,144.0,-1.221,-1.158,-1.117
Richard Ware,9,102,56,3,0,3,3,5,9,-0.56,175,-16,191,25.0,2,0,0,1,0,0,--,0,9,93,98,mechanix,2025,-1.49,-0.21,-1.04,-1.74,-0.65,144.0,-1.156,-1.115,-0.92
Chris Walsh,2,40,53,6,5,1,2,4,63,-0.02,832,538,294,41.51,1,4,0,0,0,2,100.00,0,40,0,42,mechanix,2025,-0.41,0.64,-0.17,1.26,-1.19,144.0,-0.109,-0.13,-0.07
Collin Hill,8,176,243,15,9,6,6,3,218,-0.32,2299,1414,885,39.51,10,16,0,2,0,4,50.00,0,176,0,189,mechanix,2025,-1.34,-0.02,-1.56,-0.36,-0.48,144.0,-0.676,-0.985,-1.128
David Zoldan,3,44,35,4,1,3,1,3,11,-1.67,277,68,209,45.71,2,2,0,0,0,0,--,0,11,33,51,mechanix,2025,-0.39,-0.49,-0.69,-0.59,0.04,144.0,-0.588,-0.624,-0.371
Erik Olsen,6,68,41,0,0,0,3,2,8,-0.79,63,23,40,24.39,0,1,0,0,0,0,--,0,14,54,68,mechanix,2025,-2.47,0.39,-1.38,-1.97,-1.8,144.0,-1.842,-1.68,-1.154
Justin Wollin,4,81,92,7,2,5,1,1,88,0.18,1040,706,334,41.3,7,4,0,3,0,1,50.00,0,81,0,73,mechanix,2025,-1.08,-0.91,-1.73,0.11,0.65,144.0,-0.098,-0.669,-0.476
Mitchell Savage,7,105,54,1,0,1,1,1,21,0.56,258,88,170,27.78,3,0,0,1,0,0,--,0,14,91,106,mechanix,2025,-2.13,-1.03,-1.73,-1.28,-0.01,144.0,-0.849,-1.157,-0.993
Anthony Grigoletti,4,26,13,0,0,0,0,0,2,1.49,57,26,31,23.08,0,0,0,0,0,0,--,0,0,26,30,mechanix,2025,-2.47,-1.42,-1.91,-1.51,-1.8,144.0,-1.27,-1.494,-0.682
Jordan Salazar,11,224,213,31,10,21,4,30,117,0.81,2554,522,2032,51.17,10,3,0,2,0,1,100.00,0,151,73,235,havoc,2025,0.18,-0.68,0.35,0.34,-0.29,152.0,0.229,0.271,0.337
Mark Turner,9,142,170,38,21,17,3,29,142,-0.23,2399,1273,1126,54.12,9,11,0,1,0,7,77.78,0,139,3,150,havoc,2025,1.6,-0.55,1.57,0.8,-0.1,152.0,0.609,0.945,0.939
Kyle Kolafa,6,96,85,20,4,16,5,23,34,-0.18,970,171,799,57.65,4,1,0,1,0,1,100.00,1,58,38,102,havoc,2025,1.82,0.72,2.26,0.11,-0.29,152.0,0.465,1.093,0.895
Jimmy Zuraw,11,249,268,38,26,12,7,21,337,0.23,4102,2541,1561,52.24,25,19,1,5,0,11,78.57,20,201,48,263,havoc,2025,0.12,-0.26,-0.52,1.03,1.2,152.0,0.64,0.234,0.308
Ben Lewis,6,140,152,23,7,16,4,20,102,0.17,2191,736,1455,50.66,10,4,0,3,0,4,80.00,0,104,36,150,havoc,2025,0.29,-0.24,0.53,0.8,0.32,152.0,0.401,0.446,0.443
Mark Baldauf,11,163,166,27,20,7,4,19,206,0.18,2387,1370,1017,45.78,8,12,0,0,0,6,75.00,1,130,33,167,havoc,2025,0.5,-0.41,0.18,0.8,-0.25,152.0,0.323,0.273,0.286
Caiden Burt,12,193,127,16,4,12,6,17,40,-0.79,981,201,780,37.01,3,4,0,1,0,2,66.67,0,52,141,210,havoc,2025,-0.17,-0.14,-0.34,-0.59,-1.04,152.0,-0.616,-0.519,-0.61
Zachary Cotter,12,189,127,18,7,11,10,17,77,-0.87,1717,562,1155,38.58,5,8,0,3,0,5,62.50,52,51,138,198,havoc,2025,0.11,0.76,-0.34,0.8,-0.53,152.0,-0.074,-0.167,-0.191
Brendan Adams,11,195,209,24,10,14,2,14,196,0.21,2675,1532,1143,50.24,14,12,0,0,0,7,63.64,1,166,29,209,havoc,2025,-0.38,-1.0,-0.69,0.57,0.35,152.0,0.158,-0.139,-0.163
Xavier Fuzat,3,72,76,14,6,8,3,14,66,0.6,928,254,674,50.0,6,2,0,1,0,1,50.00,0,55,17,82,havoc,2025,0.89,0.3,1.39,0.34,0.74,152.0,0.657,0.914,0.671
Brian Gfroerer,10,179,213,23,9,14,0,13,158,0.74,2406,631,1775,53.05,13,5,0,5,0,0,0.00,0,174,5,184,havoc,2025,-0.5,-1.42,-0.69,0.11,0.16,152.0,0.066,-0.199,-0.219
Max Grove,10,187,143,14,11,3,6,13,93,0.05,1373,524,849,35.66,9,6,0,1,0,6,85.71,2,69,118,213,havoc,2025,-0.68,-0.1,-0.69,-0.12,0.22,152.0,-0.169,-0.351,-0.416
Bryan Downey,9,91,84,11,6,5,1,9,67,0.61,1158,774,384,46.43,9,3,0,0,0,7,100.00,0,42,49,92,havoc,2025,-0.08,-0.97,-0.17,0.8,1.65,152.0,0.71,0.402,0.313
Dalton Smith,4,79,91,14,9,5,1,9,153,0.59,1240,1041,199,58.24,9,6,0,0,0,2,66.67,0,67,12,85,havoc,2025,0.33,-0.9,0.01,0.8,1.38,152.0,0.762,0.499,0.373
Steven Kelly,12,177,127,13,3,10,5,9,51,-1.59,796,110,686,37.01,3,7,0,2,0,0,0.00,2,65,112,182,havoc,2025,-0.6,-0.26,-1.04,-1.05,-1.04,152.0,-1.021,-1.028,-1.125
Chase Cunningham,7,166,174,28,20,8,4,8,219,-0.77,3003,1940,1063,52.87,14,22,0,2,0,5,38.46,22,128,38,166,havoc,2025,0.46,-0.43,-1.04,1.49,0.79,152.0,0.554,-0.004,-0.004
Cam Albin,5,73,65,9,5,4,1,7,56,0.78,780,228,552,53.85,6,2,0,1,0,1,50.00,0,43,30,83,havoc,2025,0.06,-0.86,-0.17,0.34,1.17,152.0,0.552,0.299,0.221
Jeff Zhou,5,68,37,5,4,1,2,7,15,1.49,278,109,169,35.14,1,0,0,0,0,0,--,0,14,54,70,havoc,2025,-0.01,-0.21,-0.17,-0.59,-0.93,152.0,-0.085,-0.115,-0.078
Toya Chukwumerije,10,109,55,2,0,2,5,7,11,1.49,125,31,94,30.91,2,0,0,0,0,0,--,0,10,99,109,havoc,2025,-1.8,0.47,-0.86,-1.97,-0.63,152.0,-0.892,-0.881,-0.746
Caleb Dixon,5,77,96,11,6,5,0,5,122,0.38,1589,1299,290,51.04,3,6,0,0,0,4,66.67,0,77,0,81,havoc,2025,-0.38,-1.42,-0.86,1.49,-0.8,152.0,0.134,-0.214,-0.156
Seth Gudeman,10,244,288,46,19,27,20,44,266,-0.4,3887,1349,2538,38.89,15,22,1,0,1,6,42.86,29,189,55,272,alleycats,2025,0.44,1.95,1.22,0.57,-0.12,164.0,0.164,0.534,0.688
Carson Chamberlain,9,179,241,31,14,17,4,27,161,0.4,2827,962,1865,41.08,16,6,0,2,0,2,50.00,0,170,9,210,alleycats,2025,-0.13,-0.5,0.7,0.34,0.34,164.0,0.211,0.382,0.432
Cole Hyzer,12,230,289,42,28,14,12,26,258,-0.96,4500,2182,2318,38.41,12,27,0,1,0,15,62.50,7,195,35,273,alleycats,2025,0.18,0.73,0.01,1.26,-0.47,164.0,0.06,0.042,0.054
Jason Kempe,11,188,185,20,11,9,18,25,207,0.19,1985,1136,849,38.38,13,12,0,1,0,0,0.00,0,82,106,223,alleycats,2025,-0.5,2.52,0.35,0.11,0.46,164.0,0.031,0.143,0.167
Jack Galle,8,173,193,24,5,19,8,23,122,0.53,1654,314,1340,37.31,5,6,0,3,0,1,100.00,0,117,56,193,alleycats,2025,-0.2,0.48,0.35,-0.36,-0.97,164.0,-0.286,-0.063,-0.068
Samuel Ingham,10,179,188,33,16,17,3,20,122,-0.49,2568,844,1724,39.36,5,13,0,3,0,0,0.00,0,94,85,207,alleycats,2025,0.73,-0.73,0.01,0.8,-0.95,164.0,0.084,0.058,0.065
Joel Close,9,150,123,11,6,5,8,15,72,0.16,1141,441,700,48.78,4,4,0,0,0,1,100.00,13,69,81,146,alleycats,2025,-0.84,0.77,-0.17,-0.36,-0.76,164.0,-0.5,-0.384,-0.362
Mace Chope,10,136,95,9,2,7,4,11,21,-1.08,558,49,509,46.32,1,1,0,1,0,0,--,14,30,106,134,alleycats,2025,-0.74,-0.21,-0.52,-1.05,-1.46,164.0,-1.066,-0.875,-0.791
Jack Havey,8,164,197,18,7,11,2,9,175,0.59,2385,1228,1157,42.13,12,7,0,4,0,1,33.33,0,135,29,179,alleycats,2025,-0.8,-0.92,-1.04,0.34,0.16,164.0,0.003,-0.362,-0.378
Robby Davenport,12,159,127,18,7,11,4,9,125,-0.58,1428,793,635,42.52,12,12,0,1,0,3,50.00,2,44,115,165,alleycats,2025,0.11,-0.38,-0.86,0.11,1.24,164.0,0.254,-0.136,-0.136
Ben Close,9,145,132,11,5,6,6,8,103,-0.33,1186,529,657,41.67,6,9,0,0,0,2,100.00,26,64,81,154,alleycats,2025,-0.95,0.28,-0.86,-0.36,-0.34,164.0,-0.526,-0.643,-0.623
Owen Woodward,4,58,54,7,0,7,1,7,19,-1.31,447,160,287,40.74,1,1,0,0,0,0,0.00,0,15,43,64,alleycats,2025,-0.11,-0.71,0.18,-0.59,-1.21,164.0,-0.745,-0.421,-0.263
Michael Ames,8,142,158,15,12,3,0,6,248,0.69,2017,1816,201,45.57,14,9,0,0,0,3,60.00,8,104,38,150,alleycats,2025,-0.74,-1.42,-1.21,0.57,1.05,164.0,0.321,-0.215,-0.206
Ryan Wartenberg,11,169,138,6,0,6,6,6,52,-0.63,1105,294,811,39.13,7,5,0,1,0,1,50.00,0,43,126,195,alleycats,2025,-1.68,0.04,-1.21,-0.59,-0.17,164.0,-0.82,-0.956,-1.042
Drew Happe,5,73,59,7,5,2,5,5,56,-0.5,604,310,294,38.98,1,6,0,1,0,1,33.33,29,25,48,77,alleycats,2025,-0.31,1.4,-0.69,-0.12,-1.26,164.0,-0.538,-0.591,-0.405
Joey Cari,6,98,126,8,5,3,3,5,163,0.88,1203,838,365,34.92,2,4,0,2,0,1,50.00,0,78,20,125,alleycats,2025,-1.31,-0.16,-1.04,-0.12,-1.29,164.0,-0.57,-0.734,-0.641
Tanner Graham,9,109,92,6,3,3,4,5,66,-0.98,422,150,272,38.04,5,5,0,0,0,1,100.00,0,21,88,140,alleycats,2025,-1.28,0.09,-1.04,-1.28,-0.05,164.0,-0.913,-0.957,-0.884
Matthew Weaver,6,75,73,9,5,4,3,4,42,-1.45,518,219,299,28.77,2,7,0,1,0,1,25.00,2,24,51,91,alleycats,2025,-0.22,0.23,-1.04,-0.82,-0.92,164.0,-0.791,-0.878,-0.654
Jack Kempe,5,81,76,4,3,1,2,3,63,0.26,648,445,203,34.21,4,3,0,0,0,1,50.00,0,38,43,86,alleycats,2025,-1.51,-0.4,-1.21,-0.36,-0.11,164.0,-0.518,-0.76,-0.55
Nicholas Betsch,10,203,169,26,18,8,7,3,188,-1.34,2584,1850,734,39.64,8,27,0,3,0,8,61.54,32,76,127,202,alleycats,2025,0.33,-0.0,-1.73,1.03,-0.28,164.0,0.018,-0.594,-0.659
Jonathan Lyle,11,229,278,67,42,25,2,47,293,0.12,5265,2336,2929,49.28,28,18,0,4,0,21,75.00,0,225,4,256,aviators,2025,1.92,-1.06,1.74,1.95,1.44,175.0,1.448,1.55,1.875
Sean McDougall,8,179,206,36,19,17,12,40,139,0.37,2454,855,1599,47.57,10,8,0,0,0,7,63.64,0,161,18,185,aviators,2025,0.72,1.34,1.92,0.34,-0.24,175.0,0.315,0.877,0.902
James Franklin,9,201,234,54,27,27,0,34,164,-0.64,3756,1306,2450,49.15,13,19,0,1,0,13,65.00,0,189,12,212,aviators,2025,1.74,-1.42,1.05,1.26,-0.01,175.0,0.706,0.826,0.909
Max Combs,12,227,183,30,12,18,16,34,229,0.39,2329,915,1414,47.54,13,10,0,2,0,1,33.33,6,79,148,276,aviators,2025,0.52,1.48,0.7,0.57,0.48,175.0,0.496,0.567,0.712
Dox Raskin,11,189,134,17,12,5,7,16,130,0.44,1088,663,425,40.3,6,7,1,1,0,0,0.00,36,40,149,212,aviators,2025,-0.16,0.1,-0.52,-0.59,-0.36,175.0,-0.197,-0.31,-0.341
Kevin Goldberg,12,226,282,36,16,20,3,14,441,0.43,4996,2224,2772,46.45,20,21,0,4,0,6,54.55,0,224,2,256,aviators,2025,-0.14,-0.87,-0.86,1.72,0.48,175.0,0.594,0.085,0.103
Mitchell Steiner,10,195,154,14,9,5,8,14,160,0.28,1522,559,963,40.91,9,8,1,0,1,1,33.33,15,73,122,225,aviators,2025,-0.81,0.27,-0.69,-0.12,0.08,175.0,-0.197,-0.37,-0.42
Cy Toriello,12,189,132,12,5,7,8,13,80,-0.16,863,402,461,40.91,4,6,0,1,0,2,66.67,4,38,151,218,aviators,2025,-0.81,0.32,-0.69,-0.82,-0.83,175.0,-0.688,-0.689,-0.769
Nicholas Dunbar,11,154,113,13,6,7,6,12,67,-0.2,1225,372,853,33.63,2,5,0,2,1,1,33.33,19,47,107,175,aviators,2025,-0.37,0.18,-0.52,0.11,-1.23,175.0,-0.431,-0.462,-0.462
Owen Shaff,12,173,107,8,3,5,10,10,37,-1.38,890,280,610,32.71,3,5,0,3,0,2,66.67,0,26,147,204,aviators,2025,-1.11,0.96,-0.86,-0.59,-0.9,175.0,-0.982,-0.939,-1.014
Michael Kiyoi,9,160,197,20,9,11,0,9,167,0.55,2267,1361,906,52.28,18,8,0,3,0,5,100.00,0,159,1,177,aviators,2025,-0.62,-1.42,-0.86,0.34,1.14,175.0,0.294,-0.11,-0.111
Royce Grundy,7,69,44,5,3,2,3,6,14,0.12,257,102,155,31.82,0,1,0,1,0,0,--,0,5,64,97,aviators,2025,-0.4,0.37,-0.34,-1.05,-1.8,175.0,-0.808,-0.644,-0.479
Eddie Finley,6,87,61,3,1,2,5,5,21,-1.08,204,14,190,42.62,2,3,0,0,0,0,--,0,22,65,91,aviators,2025,-1.57,0.95,-0.86,-1.74,-0.75,175.0,-1.31,-1.152,-0.831
Hudson Stuck,6,64,46,4,0,4,1,5,34,1.49,476,195,281,36.96,1,0,0,0,0,0,--,0,10,54,98,aviators,2025,-0.88,-0.78,-0.52,-0.12,-1.1,175.0,-0.271,-0.358,-0.268
Mateo Dominguez,10,193,235,13,5,8,1,5,402,0.61,3025,2505,520,51.49,21,9,1,0,0,3,100.00,0,191,2,221,aviators,2025,-1.46,-1.21,-1.38,0.57,1.08,175.0,0.096,-0.421,-0.473
Jason Lee,6,58,45,1,0,1,3,4,17,1.49,156,0,156,26.67,0,0,0,0,0,0,--,0,10,48,92,aviators,2025,-2.06,0.71,-0.69,-1.74,-1.8,175.0,-1.205,-1.025,-0.743
Everett Grass,11,132,88,5,1,4,3,3,100,0.51,762,470,292,40.91,4,4,0,1,0,0,0.00,0,27,105,161,aviators,2025,-1.43,-0.49,-1.56,-0.36,-0.34,175.0,-0.502,-0.872,-0.836
Zac Schakner,7,74,42,3,1,2,4,3,38,-0.9,238,-1,239,30.95,2,4,0,0,0,0,0.00,1,12,62,103,aviators,2025,-1.17,0.81,-1.21,-1.05,-0.27,175.0,-0.861,-0.983,-0.754
Andrew Padula,10,170,114,8,3,5,6,2,155,0.13,744,581,163,41.23,4,10,0,2,0,0,--,0,32,138,197,aviators,2025,-1.19,0.03,-1.73,-0.82,-0.67,175.0,-0.703,-1.062,-1.127
Isaac Hsu,3,35,23,1,1,0,3,2,20,-0.38,101,74,27,26.09,0,2,0,0,0,1,100.00,19,1,34,41,aviators,2025,-1.68,2.11,-0.86,-1.51,-1.8,175.0,-1.408,-1.216,-0.589
Anthony Gutowsky,13,301,309,67,11,56,17,63,173,-0.25,3523,658,2865,51.13,16,13,0,8,0,1,25.00,0,175,126,335,radicals,2025,1.48,0.9,1.74,0.11,-0.13,192.0,0.389,0.862,1.139
Kainoa Chun-Moy,13,226,252,53,36,17,13,50,254,0.06,3373,1536,1837,52.78,18,14,1,2,0,9,64.29,2,159,67,271,radicals,2025,1.36,0.95,1.92,0.57,0.5,192.0,0.688,1.119,1.329
Pieran Robert,13,250,189,25,6,19,15,34,52,0.02,1418,214,1204,51.85,7,4,0,2,0,0,--,0,48,202,267,radicals,2025,-0.06,1.05,0.53,-0.59,-0.61,192.0,-0.314,-0.019,-0.022
Luke Marks,12,184,130,16,10,6,22,30,45,-0.56,619,325,294,51.54,2,5,0,3,0,2,50.00,27,4,180,194,radicals,2025,-0.23,3.5,0.87,-1.28,-1.31,192.0,-0.828,-0.234,-0.235
Mitchell McCarthy,13,207,178,30,12,18,12,26,127,-0.94,2038,1222,816,52.25,11,15,1,1,0,7,63.64,33,53,154,227,radicals,2025,0.6,0.97,0.35,0.11,0.19,192.0,0.067,0.166,0.18
Nico Ranabhat,11,169,211,35,11,24,3,26,117,0.18,2179,497,1682,54.03,10,7,0,5,0,2,66.67,1,141,28,204,radicals,2025,0.55,-0.69,0.7,-0.12,-0.28,192.0,0.101,0.311,0.321
Jake Carrico,13,183,157,29,23,6,6,24,112,-0.65,1914,1134,780,54.14,12,10,0,1,1,6,100.00,1,53,130,197,radicals,2025,0.9,-0.07,0.35,0.34,0.66,192.0,0.39,0.376,0.381
Eric Sjostrom,7,113,152,25,19,6,2,19,220,0.77,2714,2287,427,52.63,10,7,0,1,0,12,92.31,0,112,1,146,radicals,2025,0.53,-0.69,1.05,1.72,0.32,192.0,0.823,0.902,0.787
Sam Stark,12,197,161,16,9,7,10,18,60,-0.38,1437,647,790,52.8,7,5,0,3,0,6,85.71,24,47,150,205,radicals,2025,-0.66,0.67,-0.34,-0.36,-0.4,192.0,-0.464,-0.421,-0.435
Gabe Vordick,12,200,271,29,13,16,3,14,254,0.49,2679,692,1987,47.6,34,12,0,6,0,3,50.00,1,197,3,262,radicals,2025,-0.52,-0.8,-0.69,-0.12,2.24,192.0,0.472,0.065,0.076
Jack Nelson,7,78,125,15,10,5,3,14,50,-1.34,1308,515,793,37.6,3,4,0,0,0,5,71.43,0,78,0,107,radicals,2025,-0.28,0.16,1.22,-0.12,-1.03,192.0,-0.64,0.011,0.008
Joshua Wilson,11,162,140,17,11,6,5,14,138,-0.03,1613,1078,535,45.71,4,6,1,2,0,6,66.67,45,47,115,185,radicals,2025,-0.26,-0.15,-0.34,0.34,-0.88,192.0,-0.219,-0.261,-0.256
Ted Schewe,12,191,260,23,15,8,3,12,338,0.45,3232,2447,785,48.85,15,13,0,1,0,6,75.00,0,191,0,236,radicals,2025,-0.86,-0.77,-0.86,0.34,0.06,192.0,-0.068,-0.345,-0.382
Joe Leibforth,10,161,107,9,4,5,6,11,22,-3.99,479,115,364,52.34,2,4,0,0,0,0,0.00,0,0,161,182,radicals,2025,-0.94,0.11,-0.69,-1.51,-1.2,192.0,-1.758,-1.384,-1.347
Kai DeLorenzo,12,234,247,17,6,11,9,8,161,-0.88,2380,1243,1137,45.75,9,17,0,1,1,6,75.00,52,134,100,271,radicals,2025,-1.21,0.16,-1.38,-0.12,-0.63,192.0,-0.726,-0.955,-1.135
Kai Marcus,9,121,173,22,21,1,1,8,167,-0.61,2073,1571,502,44.51,9,15,0,0,0,8,53.33,0,121,0,153,radicals,2025,-0.15,-1.08,-0.69,0.34,-0.13,192.0,-0.114,-0.316,-0.282
Max Sample,6,67,87,13,3,10,1,7,57,0.46,882,208,674,42.53,5,3,0,4,0,1,33.33,0,62,5,90,radicals,2025,0.25,-0.81,-0.17,-0.12,0.05,192.0,0.15,0.038,0.026
David Nester,4,48,40,8,6,2,1,6,18,-0.56,313,224,89,57.5,2,2,0,1,0,0,0.00,0,2,46,51,radicals,2025,1.18,-0.56,0.18,-0.59,-0.19,192.0,0.047,0.094,0.048
Max Junga,6,60,32,4,4,0,3,6,7,-1.08,259,176,83,53.13,1,1,0,0,0,3,75.00,0,1,59,52,radicals,2025,-0.19,0.64,-0.17,-0.59,-0.8,192.0,-0.62,-0.462,-0.24
Mac Weber,11,193,132,7,2,5,7,6,89,-0.01,711,456,255,49.24,6,7,0,1,0,1,33.33,0,21,172,207,radicals,2025,-1.5,0.07,-1.38,-1.28,-0.34,192.0,-0.857,-1.04,-1.08
Bryan Vohnoutka,16,311,333,58,27,31,8,46,268,-0.13,4493,1872,2621,54.05,24,19,0,1,0,6,60.00,2,224,87,337,windchill,2025,0.71,-0.36,0.7,0.57,0.52,247.0,0.459,0.543,0.634
Paul Krenik,15,270,278,40,13,27,11,41,186,0.54,2714,1034,1680,50.36,10,7,0,3,1,2,66.67,0,157,113,309,windchill,2025,0.15,0.25,0.7,-0.12,-0.64,247.0,-0.037,0.221,0.247
Dylan DeClerck,13,217,189,29,6,23,12,37,52,0.02,1126,163,963,47.62,3,4,0,0,0,1,33.33,0,39,178,282,windchill,2025,0.33,0.85,1.05,-1.05,-1.29,247.0,-0.482,0.054,0.058
Gordon Larson,16,279,333,53,35,18,4,33,401,0.33,4710,2833,1877,52.55,33,20,0,4,0,6,60.00,0,250,29,310,windchill,2025,0.43,-0.83,0.18,0.8,1.39,247.0,0.742,0.545,0.611
Tristan Van de Moortele,16,325,298,49,33,16,6,33,398,0.41,4015,2635,1380,49.66,26,20,0,2,0,8,53.33,8,104,221,395,windchill,2025,0.53,-0.66,-0.17,0.57,1.0,247.0,0.634,0.353,0.446
Thomas Shope,10,182,182,26,5,21,9,32,83,0.77,1663,320,1343,53.3,11,2,0,1,0,1,100.00,0,91,91,210,windchill,2025,0.14,0.62,1.22,-0.36,0.14,247.0,0.141,0.519,0.479
Justin Burnett,14,250,194,22,10,12,21,31,71,-0.35,1681,571,1110,46.91,7,7,1,5,1,1,50.00,1,14,236,300,windchill,2025,-0.4,2.04,0.18,-0.36,-0.64,247.0,-0.44,-0.223,-0.246
Noah Hanson,15,223,187,24,14,10,19,31,85,-1.24,1481,749,732,51.87,6,11,0,1,0,4,50.00,0,5,218,289,windchill,2025,-0.13,2.08,0.53,-0.59,-0.77,247.0,-0.627,-0.222,-0.24
Blake Krapfl,14,210,157,18,8,10,15,30,23,-0.88,729,235,494,54.14,7,3,0,0,1,2,100.00,0,0,210,247,windchill,2025,-0.38,1.52,0.53,-1.28,-0.37,247.0,-0.702,-0.271,-0.271
James Pollard,15,275,229,30,16,14,16,28,91,-1.9,2074,880,1194,47.6,10,14,1,4,1,9,50.00,158,79,196,298,windchill,2025,-0.08,0.97,-0.17,-0.36,-0.4,247.0,-0.594,-0.446,-0.49
William Brandt,14,235,291,52,39,13,2,28,430,0.36,5391,3255,2136,51.2,24,21,0,5,0,6,85.71,0,231,4,270,windchill,2025,0.79,-1.07,0.18,1.95,0.85,247.0,1.009,0.719,0.752
Greg Cousins,13,181,218,28,7,21,3,25,113,0.62,2257,931,1326,57.34,14,4,0,2,0,6,66.67,1,165,16,216,windchill,2025,-0.13,-0.74,0.53,-0.12,0.26,247.0,0.12,0.264,0.247
Max Hanscom,10,155,121,12,2,10,15,25,32,0.28,607,131,476,53.72,5,2,0,0,0,0,--,0,7,148,185,windchill,2025,-0.66,2.56,0.87,-1.28,-0.47,247.0,-0.579,-0.072,-0.062
Cameron Lacy,16,235,192,26,15,11,7,22,137,-0.41,1303,961,342,55.21,15,11,1,0,0,4,50.00,157,6,229,299,windchill,2025,-0.0,-0.19,-0.34,-0.82,0.71,247.0,-0.11,-0.19,-0.209
Kyle Suelflow,9,136,106,15,6,9,7,17,28,-1.62,775,277,498,50.94,3,5,0,0,0,3,60.00,0,15,121,152,windchill,2025,0.11,0.7,0.18,-0.82,-0.89,247.0,-0.718,-0.404,-0.317
Colin Berry,14,171,175,21,9,12,7,16,84,-0.7,1511,666,845,49.14,10,10,0,2,0,5,62.50,0,71,100,208,windchill,2025,-0.28,0.26,-0.34,-0.36,0.04,247.0,-0.304,-0.317,-0.291
Gabe Jagt,6,78,76,15,6,9,3,16,30,0.21,991,296,695,71.05,6,2,0,0,0,1,50.00,0,40,38,65,windchill,2025,1.13,0.16,1.74,0.57,0.74,247.0,0.708,1.069,0.548
Josh Klane,14,243,293,36,28,8,3,14,334,-0.05,3957,2857,1100,50.51,21,22,0,3,0,15,51.72,1,236,7,269,windchill,2025,-0.23,-0.91,-0.86,0.8,0.51,247.0,0.248,-0.14,-0.146
Matthew Johnson,8,117,91,8,2,6,6,14,18,0.41,509,138,371,65.93,9,0,0,0,0,0,--,0,5,112,126,windchill,2025,-0.87,0.69,0.18,-1.05,1.38,247.0,-0.097,-0.0,-0.0
Matthew Rehder,10,176,198,29,13,16,5,14,120,-1.69,2183,1008,1175,50.0,5,19,0,1,0,1,25.00,0,162,14,177,windchill,2025,0.2,-0.25,-0.52,0.11,-0.99,247.0,-0.498,-0.506,-0.428
Quentin Bonnaud,12,250,302,72,19,53,7,64,187,-0.13,4578,933,3645,51.32,14,13,0,2,0,7,58.33,0,241,9,265,royal,2025,1.88,-0.27,2.61,1.03,-0.31,172.0,0.718,1.38,1.713
Christophe Tremblay-Joncas,11,243,273,56,44,12,11,41,258,-0.39,5181,3004,2177,49.82,22,21,0,5,0,26,81.25,9,209,34,264,royal,2025,1.27,0.44,1.05,1.95,0.79,172.0,0.988,1.01,1.251
Charles Guay,12,215,148,21,8,13,19,32,131,0.03,1381,870,511,49.32,12,8,0,0,0,1,50.00,0,43,172,239,royal,2025,0.12,2.22,0.7,-0.36,0.81,172.0,0.155,0.346,0.408
Philippe Le Bourdais,10,175,208,29,12,17,1,25,80,0.51,2030,474,1556,52.4,12,4,0,1,0,3,100.00,0,166,9,188,royal,2025,0.07,-1.19,0.53,-0.12,0.06,172.0,0.108,0.256,0.268
William St-Pierre,9,150,122,19,5,14,4,21,55,0.77,1314,261,1053,52.46,7,2,0,0,0,0,--,0,59,91,168,royal,2025,0.37,-0.32,0.53,0.11,0.05,172.0,0.305,0.384,0.38
Kevin Quinlan,12,248,305,37,30,7,3,19,318,0.16,4306,2622,1684,51.15,25,20,1,1,0,16,64.00,0,244,4,270,royal,2025,-0.26,-0.92,-0.52,0.8,0.84,172.0,0.364,0.055,0.069
Thomas Lalonde-Landry,12,226,153,17,8,9,7,16,90,-0.56,1011,538,473,49.02,6,8,0,0,0,1,100.00,0,39,187,258,royal,2025,-0.44,-0.14,-0.69,-0.82,-0.54,172.0,-0.584,-0.621,-0.761
Jeremy Hill,8,169,199,21,7,14,5,15,84,-0.5,1883,519,1364,50.75,9,8,0,3,0,4,80.00,0,158,11,177,royal,2025,-0.55,-0.2,-0.34,-0.36,-0.35,172.0,-0.442,-0.406,-0.412
Raphaël Lalonde-Landry,12,199,134,9,4,5,11,14,87,0.38,576,74,502,47.01,5,4,0,2,0,0,--,0,39,160,220,royal,2025,-1.24,0.85,-0.69,-1.51,-0.6,172.0,-0.823,-0.776,-0.878
Victor Curodeau,8,121,105,15,4,11,2,14,59,1.15,1031,286,745,47.62,5,1,0,2,0,0,--,0,63,58,137,royal,2025,0.14,-0.74,0.18,-0.12,-0.27,172.0,0.174,0.176,0.157
Antoine Dubé,7,132,90,12,5,7,7,13,32,-1.75,795,193,602,45.56,6,6,0,0,0,2,50.00,6,30,102,139,royal,2025,-0.04,0.76,-0.17,-0.36,0.35,172.0,-0.365,-0.297,-0.267
Jacob Duquette,9,176,210,28,8,20,2,13,176,-0.22,2772,1244,1528,54.29,14,13,0,4,0,7,70.00,0,167,9,193,royal,2025,-0.04,-0.95,-0.69,0.57,0.35,172.0,0.174,-0.128,-0.136
Julien Bernat,10,182,135,17,11,6,6,12,110,-0.22,1642,728,914,49.63,8,9,0,2,0,5,41.67,19,52,130,206,royal,2025,-0.17,-0.06,-0.69,0.34,0.11,172.0,0.017,-0.23,-0.252
Paul Hooley,10,118,84,12,7,5,3,10,69,-0.4,943,571,372,39.29,4,5,0,0,0,1,50.00,50,16,102,149,royal,2025,0.14,-0.37,-0.52,0.11,-0.27,172.0,-0.078,-0.233,-0.217
Kuochuan Ponzio,9,108,70,9,0,9,1,9,28,1.49,430,107,323,50.0,2,0,0,1,0,0,--,0,12,96,123,royal,2025,-0.13,-1.04,-0.52,-1.05,-0.88,172.0,-0.224,-0.328,-0.277
Geoff Bevan,6,92,76,11,8,3,3,8,81,0.3,980,753,227,59.21,3,5,0,1,0,8,72.73,32,44,48,100,royal,2025,0.17,-0.08,-0.34,0.57,-0.53,172.0,0.121,-0.04,-0.03
Antoine Rousseau,7,106,84,9,6,3,6,6,79,-0.61,754,645,109,44.05,3,8,0,1,0,2,50.00,67,22,84,131,royal,2025,-0.52,0.91,-0.86,-0.36,-0.65,172.0,-0.53,-0.646,-0.564
Victor Sauvé,7,88,83,8,1,7,0,6,23,-0.15,460,99,361,49.4,4,2,0,0,0,0,--,0,42,46,98,royal,2025,-0.71,-1.42,-0.69,-1.05,-0.25,172.0,-0.568,-0.611,-0.461
Zakarie Massi,5,61,31,6,3,3,1,5,8,-6.41,183,87,96,41.94,0,2,0,0,0,1,33.33,0,2,59,70,royal,2025,1.06,-0.75,-0.52,-1.05,-1.8,172.0,-1.676,-1.271,-0.811
Jeremie Giard,3,41,19,3,2,1,2,4,7,-1.08,202,58,144,63.16,1,1,0,0,0,0,--,0,1,40,47,royal,2025,0.41,0.59,-0.17,0.11,-0.11,172.0,-0.093,-0.12,-0.063
John Randolph,13,308,300,70,40,30,6,66,395,0.84,5139,2827,2312,59.0,30,10,0,0,0,11,73.33,0,218,90,339,empire,2025,1.78,-0.62,1.74,1.49,1.42,213.0,1.43,1.538,1.94
Ben Jagt,13,323,354,63,18,45,9,60,199,0.23,4306,622,3684,56.5,21,11,0,1,0,1,25.00,30,282,41,346,empire,2025,0.77,-0.27,1.39,0.34,0.11,213.0,0.39,0.74,0.943
Matt LaBar,13,272,318,62,27,35,5,50,268,0.4,4819,1626,3193,58.18,26,14,0,3,0,10,66.67,0,261,11,316,empire,2025,1.08,-0.66,1.22,1.03,0.83,213.0,0.869,0.992,1.208
Jack Williams,11,230,265,43,31,12,4,27,437,0.34,5018,3270,1748,55.85,28,20,0,0,0,9,50.00,0,216,14,253,empire,2025,0.49,-0.7,0.18,1.95,1.6,213.0,1.102,0.779,0.849
Axel Agami,12,195,100,23,7,16,4,24,62,0.54,885,258,627,54.0,7,3,0,0,0,0,--,0,13,182,215,empire,2025,1.72,-0.58,0.18,-0.36,0.45,213.0,0.647,0.484,0.486
Sam Jonas,12,187,110,12,9,3,14,23,142,1.35,993,706,287,51.82,7,1,0,2,0,2,100.00,0,19,168,220,empire,2025,-0.48,1.66,0.18,-0.36,0.25,213.0,0.099,0.127,0.129
Jacob Cowan,11,197,175,25,8,17,3,21,91,0.42,1858,380,1478,59.43,4,5,1,2,0,0,--,0,129,68,207,empire,2025,0.14,-0.79,0.01,0.11,-1.06,213.0,-0.112,-0.069,-0.068
Oliver Chartock,11,210,242,28,16,12,3,19,149,0.08,2689,945,1744,54.13,14,11,0,1,0,3,100.00,0,195,15,237,empire,2025,-0.36,-0.83,-0.34,0.11,0.06,213.0,-0.05,-0.152,-0.16
Antoine Davis,11,170,94,10,4,6,9,18,29,0.17,631,263,368,52.13,4,1,0,0,0,2,100.00,0,8,162,184,empire,2025,-0.53,0.76,0.01,-0.82,-0.43,213.0,-0.438,-0.281,-0.261
Marques Brownlee,10,175,89,20,18,2,5,17,102,-0.18,1361,1070,291,53.93,6,8,0,0,0,4,66.67,128,15,160,178,empire,2025,1.63,-0.24,-0.17,1.03,0.37,213.0,0.803,0.462,0.422
Oliver Fay,9,160,82,13,6,7,9,16,42,-1.08,940,224,716,51.22,8,5,0,1,0,2,66.67,10,14,146,160,empire,2025,0.42,0.89,-0.17,0.11,1.34,213.0,0.272,0.117,0.101
Everest Shapiro,12,240,221,23,6,17,5,14,139,0.37,2335,846,1489,55.2,14,7,0,7,0,4,80.00,0,160,80,255,empire,2025,-0.57,-0.56,-0.86,0.11,0.24,213.0,-0.009,-0.307,-0.336
Calvin Brown,7,163,195,40,27,13,2,13,326,-0.24,5010,3669,1341,61.54,17,25,0,4,0,24,72.73,0,163,0,183,empire,2025,1.27,-0.91,-0.52,3.56,1.0,213.0,1.473,0.775,0.718
Max Sheppard,13,175,162,22,11,11,6,12,98,-1.39,1462,643,819,53.7,6,14,0,2,0,8,47.06,33,111,64,187,empire,2025,0.01,-0.01,-0.69,-0.36,-0.61,213.0,-0.518,-0.578,-0.542
Solomon Rueschemeyer-Bailey,12,267,322,27,15,12,1,12,546,0.91,5710,4373,1337,57.45,33,12,0,4,0,0,0.00,0,267,0,301,empire,2025,-0.94,-1.27,-1.21,1.72,1.5,213.0,0.705,0.035,0.042
Sam Alston,11,114,65,7,4,3,7,11,31,-0.32,291,39,252,53.85,3,3,0,0,0,0,--,55,1,113,126,empire,2025,-0.51,1.11,-0.17,-1.51,-0.31,213.0,-0.672,-0.496,-0.381
Benjamin Simmons,11,172,89,6,2,4,5,10,34,0.35,618,207,411,50.56,5,1,0,0,0,1,50.00,0,10,162,184,empire,2025,-1.24,-0.22,-0.86,-0.82,0.01,213.0,-0.505,-0.629,-0.585
Shashank Alladi,12,172,92,9,4,5,5,8,70,-0.13,544,299,245,48.91,6,5,1,1,0,3,100.00,0,6,166,192,empire,2025,-0.69,-0.22,-1.04,-1.05,0.3,213.0,-0.421,-0.638,-0.606
Arthur Aucoin,4,46,24,5,1,4,1,6,9,-0.56,117,35,82,54.17,1,0,0,0,1,0,--,0,4,42,56,empire,2025,1.33,-0.53,0.35,-1.28,-0.46,213.0,-0.148,0.026,0.013
Tristan Yarter,10,112,46,2,2,0,5,5,37,0.95,156,199,-43,52.17,2,1,0,1,0,0,--,10,2,110,127,empire,2025,-1.68,0.41,-1.21,-1.74,-0.4,213.0,-0.849,-0.975,-0.753
Walker Frankenberg,12,247,295,84,43,41,4,66,349,0.27,6884,2916,3968,64.07,31,21,0,1,0,7,87.50,0,245,2,248,spiders,2025,2.72,-0.75,2.78,2.87,1.58,204.0,1.983,2.262,2.494
Adam Rees,12,251,284,55,16,39,7,51,222,0.69,4025,1309,2716,62.32,26,8,0,3,0,5,100.00,1,221,30,261,spiders,2025,1.06,-0.27,1.57,0.8,1.14,204.0,0.941,1.161,1.313
Evan Magsig,14,299,352,68,47,21,6,44,689,0.63,6373,4794,1579,60.8,38,29,1,1,0,22,70.97,7,276,23,306,spiders,2025,1.05,-0.59,0.7,1.72,1.67,204.0,1.288,1.082,1.325
Jason Vallee,11,216,249,45,35,10,4,34,353,0.55,3168,2020,1148,59.04,27,14,0,1,0,6,100.00,0,184,32,225,spiders,2025,0.82,-0.66,0.87,0.57,1.69,204.0,0.921,0.903,0.948
Leo Gordon,9,205,241,47,32,15,4,34,337,0.51,4306,2582,1724,64.32,26,16,0,1,0,9,75.00,0,201,4,199,spiders,2025,1.08,-0.62,1.05,1.72,1.67,204.0,1.274,1.196,1.181
Saul Wildavsky,13,250,301,37,9,28,3,34,129,0.43,2281,575,1706,61.13,11,6,0,0,0,0,0.00,0,246,4,249,spiders,2025,-0.23,-0.93,0.53,-0.59,-0.63,204.0,-0.288,-0.002,-0.002
Dylan Burns,14,261,271,37,18,19,7,31,176,0.08,3078,884,2194,58.67,21,11,0,2,0,0,0.00,0,166,95,274,spiders,2025,0.02,-0.32,0.18,0.11,0.69,204.0,0.222,0.207,0.24
Carter Lankford,10,151,106,19,2,17,18,30,51,-0.67,1072,202,870,52.83,5,6,0,1,0,0,--,1,16,135,165,spiders,2025,0.8,3.48,1.57,-0.12,-0.28,204.0,0.006,0.553,0.497
Daniel Ritthaler,13,248,190,28,13,15,11,26,270,0.55,2094,1350,744,49.47,23,11,0,2,0,2,66.67,1,27,221,289,spiders,2025,0.22,0.41,-0.17,0.11,2.1,204.0,0.728,0.414,0.493
Matthew Crawford,10,183,226,24,10,14,1,24,196,1.39,2057,1219,838,64.16,8,1,0,0,0,2,100.00,0,180,3,184,spiders,2025,-0.53,-1.19,0.35,-0.36,-0.66,204.0,-0.136,0.034,0.032
Aaron Rosenthal,13,179,127,14,0,14,11,21,28,-0.5,604,28,576,42.52,2,3,0,1,1,0,--,0,8,171,205,spiders,2025,-0.46,1.11,0.18,-1.28,-1.3,204.0,-0.883,-0.511,-0.512
Seamus Robinson,13,229,170,20,13,7,13,20,122,-0.35,1764,714,1050,50.59,7,12,0,1,0,3,50.00,33,27,202,256,spiders,2025,-0.33,0.92,-0.34,-0.12,-0.48,204.0,-0.319,-0.326,-0.365
Max Williams,14,236,171,12,5,7,14,18,60,-0.66,1166,439,727,46.2,2,7,0,1,0,2,66.67,0,29,207,253,spiders,2025,-1.19,1.02,-0.52,-0.82,-1.42,204.0,-1.049,-0.864,-0.962
Stefan McCall,9,146,108,16,11,5,9,18,93,0.25,1022,397,625,51.85,3,5,0,2,0,3,60.00,0,11,135,180,spiders,2025,0.23,1.11,0.18,-0.36,-0.91,204.0,-0.198,-0.066,-0.062
Eli Kerns,7,147,109,18,14,4,7,14,133,-0.59,1063,938,125,48.62,8,11,0,0,0,10,50.00,99,19,128,150,spiders,2025,0.54,0.54,-0.17,-0.12,0.56,204.0,0.154,0.041,0.035
Dillon Whited,4,61,79,16,4,12,1,13,38,-0.47,715,133,582,54.43,3,4,0,0,0,0,--,0,61,0,69,spiders,2025,1.22,-0.75,1.74,-0.36,-0.58,204.0,0.037,0.633,0.368
Lincoln Grench,8,125,92,12,8,4,5,12,61,-0.07,764,400,364,51.09,5,5,0,0,0,2,66.67,0,5,120,141,spiders,2025,-0.09,0.23,-0.17,-0.59,-0.05,204.0,-0.201,-0.19,-0.158
Liam Jay,11,114,83,12,10,2,1,12,75,0.96,545,530,15,44.58,1,1,0,0,0,2,100.00,1,0,114,150,spiders,2025,0.17,-1.06,0.01,-0.82,-1.42,204.0,-0.317,-0.203,-0.174
Aidan Curry,7,93,72,8,4,4,6,10,24,-1.45,251,46,205,48.61,2,4,0,0,0,0,--,39,0,93,113,spiders,2025,-0.44,1.23,0.01,-1.74,-0.91,204.0,-1.084,-0.701,-0.522
Wyatt Berreman,12,133,101,4,1,3,5,9,40,1.49,359,112,247,50.5,3,0,0,0,0,0,--,1,0,133,165,spiders,2025,-1.75,0.13,-0.69,-1.51,-0.85,204.0,-0.817,-0.773,-0.695
Scott Heyman,10,207,247,62,39,23,6,49,304,0.1,5644,3113,2531,54.25,27,18,1,1,0,22,81.48,0,198,9,234,phoenix,2025,2.1,-0.23,2.26,2.87,1.72,179.0,1.798,1.96,2.241
Sean Mott,12,257,309,62,46,16,3,38,525,0.28,6486,4293,2193,52.1,33,23,0,4,0,19,55.88,4,250,7,289,phoenix,2025,1.19,-0.94,0.7,2.41,1.64,179.0,1.426,1.172,1.489
Brandon Pastor,11,198,245,35,6,29,2,32,154,1.1,1694,410,1284,55.1,7,3,0,2,0,1,100.00,0,195,3,236,phoenix,2025,0.14,-1.0,0.87,-0.82,-0.88,179.0,-0.163,0.199,0.228
Nate Little,12,231,143,24,13,11,16,32,70,-0.85,1626,620,1006,53.15,7,7,0,1,0,5,71.43,0,47,184,241,phoenix,2025,0.59,1.43,0.53,0.11,-0.22,179.0,-0.021,0.172,0.2
Sam Grossberg,9,194,223,41,21,20,2,30,422,0.7,4392,3027,1365,56.05,21,12,0,1,0,7,53.85,0,185,9,219,phoenix,2025,0.88,-1.0,0.7,2.18,1.23,179.0,1.256,1.061,1.174
Jack Wisner,11,193,113,14,3,11,13,22,36,-0.09,668,80,588,53.1,1,3,0,2,0,1,100.00,0,26,167,214,phoenix,2025,-0.21,1.35,0.01,-1.05,-1.52,179.0,-0.724,-0.467,-0.511
Michael Maroon,7,107,119,23,6,17,2,21,62,0.25,1073,49,1024,52.1,7,4,0,0,0,0,--,0,96,11,124,phoenix,2025,1.05,-0.65,1.57,-0.36,0.09,179.0,0.298,0.743,0.618
Paul Owens,11,215,127,17,11,6,9,21,132,0.6,1255,827,428,51.18,5,5,0,0,0,4,57.14,38,29,186,250,phoenix,2025,-0.03,0.3,-0.17,-0.12,-0.53,179.0,-0.052,-0.093,-0.11
Max Tran,8,114,67,11,5,6,6,15,35,0.92,681,373,308,52.24,3,1,0,1,0,3,100.00,0,15,99,133,phoenix,2025,0.52,0.74,0.35,-0.12,-0.36,179.0,0.22,0.266,0.229
Colin White,11,148,158,13,1,12,3,13,81,1.24,1319,460,859,54.43,10,1,0,2,0,0,--,0,116,32,183,phoenix,2025,-0.97,-0.58,-0.34,-0.59,0.24,179.0,-0.13,-0.204,-0.206
Chase Rawlins,10,124,82,11,6,5,4,11,34,-1.14,921,149,772,45.12,3,3,0,1,0,0,0.00,4,36,88,136,phoenix,2025,-0.02,-0.09,-0.34,0.11,-0.62,179.0,-0.362,-0.354,-0.309
Ethan Holmgren,11,181,108,14,6,8,1,11,105,0.38,952,580,372,52.78,12,4,0,0,0,0,0.00,107,20,161,214,phoenix,2025,-0.11,-1.19,-0.86,-0.36,1.77,179.0,0.396,-0.044,-0.048
Adam Grossberg,8,161,122,22,17,5,7,10,111,-1.1,1690,970,720,47.54,10,15,0,4,0,7,46.67,11,58,103,189,phoenix,2025,0.82,0.37,-0.86,0.8,0.84,179.0,0.436,-0.018,-0.018
Matt Hanna,10,188,222,18,5,13,3,8,138,0.1,2605,559,2046,52.25,12,9,0,4,0,1,33.33,0,180,8,210,phoenix,2025,-0.99,-0.76,-1.21,0.34,-0.06,179.0,-0.207,-0.558,-0.604
Eric Nardelli,11,112,67,4,0,4,6,7,33,0.32,249,83,166,44.78,1,2,0,1,0,0,--,0,11,101,138,phoenix,2025,-1.38,0.78,-0.86,-1.51,-1.32,179.0,-1.057,-0.988,-0.868
Eric Witmer,10,154,91,3,3,0,8,7,59,0.5,459,324,135,49.45,5,3,0,1,0,0,--,0,17,137,188,phoenix,2025,-1.87,0.71,-1.04,-1.28,-0.03,179.0,-0.789,-0.877,-0.899
Andres Rodriguez,7,80,51,5,3,2,5,5,38,-1.31,459,250,209,54.9,4,4,0,1,0,0,--,3,3,77,109,phoenix,2025,-0.68,1.15,-0.86,-0.36,0.72,179.0,-0.376,-0.545,-0.425
Justin Keller,10,123,70,4,3,1,1,5,60,1.49,356,297,59,54.29,4,0,0,0,0,1,100.00,0,9,114,161,phoenix,2025,-1.43,-1.09,-1.21,-1.28,0.04,179.0,-0.441,-0.71,-0.673
Calvin Trisolini,4,46,51,7,3,4,0,4,62,0.85,691,491,200,43.14,1,2,0,1,0,1,50.00,1,40,6,51,phoenix,2025,0.03,-1.42,-0.34,0.8,-1.17,179.0,0.087,-0.062,-0.033
Drew Loughnane,4,47,27,3,0,3,2,4,5,-1.94,174,20,154,51.85,2,1,0,0,0,0,--,0,1,46,58,phoenix,2025,-0.44,0.33,-0.34,-1.05,0.58,179.0,-0.638,-0.534,-0.304
Marcel Oliart,9,220,258,43,13,30,5,36,227,0.46,3608,1000,2608,45.74,18,10,0,2,0,2,100.00,0,212,8,238,thunderbirds,2025,0.57,-0.49,0.87,0.8,0.44,152.0,0.573,0.677,0.847
John McMonigal,11,245,280,40,21,19,7,25,280,0.06,3746,1531,2215,46.79,18,18,0,4,0,8,57.14,0,207,38,269,thunderbirds,2025,0.14,-0.24,-0.17,0.57,0.27,152.0,0.264,0.112,0.149
Alex Mullen,7,160,185,29,12,17,6,20,203,0.44,2502,1046,1456,41.62,8,10,0,5,0,5,50.00,0,147,13,171,thunderbirds,2025,0.39,0.12,0.18,0.8,-0.41,152.0,0.303,0.26,0.276
Reid Duncan,9,160,112,17,1,16,7,20,48,0.67,1036,174,862,35.71,4,2,0,2,0,0,--,14,32,128,175,thunderbirds,2025,0.3,0.38,0.18,-0.36,-0.65,152.0,-0.028,0.045,0.048
Lucas Storm,7,142,151,22,11,11,4,19,88,0.18,1490,526,964,45.03,5,6,0,1,0,3,60.00,0,110,32,152,thunderbirds,2025,0.19,-0.26,0.35,-0.12,-0.74,152.0,-0.122,0.043,0.043
Jonathan Mast,10,217,264,35,28,7,1,17,430,0.53,4017,3151,866,45.45,22,17,0,2,0,11,64.71,0,217,0,244,thunderbirds,2025,-0.05,-1.23,-0.52,1.03,0.88,152.0,0.568,0.187,0.237
Dan Nichols,6,102,96,11,5,6,4,13,84,1.01,901,414,487,60.42,8,2,0,0,0,0,--,0,67,35,110,thunderbirds,2025,-0.38,0.19,0.35,-0.36,0.88,152.0,0.218,0.264,0.225
Jimmy Towle,8,174,209,15,5,10,2,12,136,0.76,1719,749,970,44.98,10,4,0,1,0,0,0.00,0,174,0,182,thunderbirds,2025,-1.16,-0.95,-0.69,-0.59,-0.26,152.0,-0.408,-0.507,-0.555
Anson Reppermund,8,159,149,17,7,10,5,11,74,-1.38,1632,537,1095,48.32,7,10,0,1,0,5,50.00,28,86,73,165,thunderbirds,2025,-0.39,-0.13,-0.69,0.11,-0.29,152.0,-0.438,-0.526,-0.548
Carl Johnson,7,118,117,11,2,9,4,10,41,-0.74,831,173,658,45.3,4,5,0,0,0,0,0.00,4,82,36,127,thunderbirds,2025,-0.76,-0.03,-0.52,-0.82,-0.7,152.0,-0.756,-0.673,-0.615
Anil Driehuys,4,93,109,18,11,7,0,8,139,-0.14,1920,1037,883,46.79,4,10,0,0,0,7,46.67,0,93,0,101,thunderbirds,2025,0.54,-1.42,-0.34,1.72,-0.62,152.0,0.409,0.147,0.12
Evan Bembenista,7,159,175,16,4,12,3,8,70,-0.62,1549,486,1063,40.57,8,7,0,4,0,3,42.86,0,128,31,170,thunderbirds,2025,-0.8,-0.64,-1.04,-0.36,-0.33,152.0,-0.536,-0.712,-0.753
Joe Molder,9,107,71,4,2,2,4,7,12,-0.09,314,26,288,46.48,0,1,0,0,0,0,--,0,13,94,113,thunderbirds,2025,-1.44,0.12,-0.69,-1.51,-1.8,152.0,-1.278,-1.072,-0.924
Jacob Rollins,8,91,57,8,3,5,1,7,25,0.7,388,79,309,49.12,4,1,0,1,0,1,100.00,1,11,80,96,thunderbirds,2025,0.09,-0.97,-0.52,-0.82,0.46,152.0,0.077,-0.132,-0.105
Will Hoffenkamp,10,230,259,34,22,12,5,6,488,0.04,3497,2522,975,44.79,30,29,0,4,0,3,37.50,2,204,26,243,thunderbirds,2025,-0.08,-0.53,-1.38,0.8,1.92,152.0,0.664,-0.051,-0.064
Connor Newell,8,148,144,12,8,4,3,5,183,0.23,1592,1226,366,43.06,7,8,0,2,0,3,50.00,2,83,65,159,thunderbirds,2025,-0.95,-0.58,-1.38,0.11,-0.24,152.0,-0.271,-0.659,-0.674
Caleb Stanish,6,54,31,2,1,1,2,4,4,1.49,120,14,106,32.26,1,0,0,0,0,0,--,0,3,51,56,thunderbirds,2025,-1.29,0.1,-0.69,-1.51,-0.76,152.0,-0.656,-0.668,-0.405
Jake Murray,7,101,76,5,3,2,4,4,59,-0.69,595,410,185,42.11,6,5,0,0,0,1,100.00,1,21,80,111,thunderbirds,2025,-1.27,0.21,-1.21,-0.59,0.74,152.0,-0.482,-0.737,-0.63
Ryan Kindell,7,103,73,2,1,1,8,4,15,-3.65,250,44,206,42.47,2,5,0,1,0,0,0.00,12,7,96,122,thunderbirds,2025,-1.97,1.78,-1.21,-1.74,-0.92,152.0,-1.986,-1.714,-1.536
Wyatt Krisky,3,42,27,4,1,3,2,4,14,0.12,309,48,261,55.56,0,1,0,1,0,0,--,0,6,36,41,thunderbirds,2025,0.23,0.54,-0.17,0.11,-1.8,152.0,-0.329,-0.273,-0.142
Nate Knutson,10,206,261,39,9,30,7,37,143,0.27,2314,352,1962,35.25,15,5,0,4,0,0,--,0,187,19,253,steel,2025,0.25,-0.02,1.22,-0.36,0.05,163.0,0.052,0.461,0.574
Archer Gordon,10,175,221,27,6,21,2,25,122,0.84,2147,412,1735,39.82,8,3,1,1,0,1,50.00,0,170,5,208,steel,2025,-0.24,-0.95,0.53,-0.12,-0.64,163.0,-0.094,0.124,0.14
Zac Scheuerman,12,195,138,14,1,13,9,17,30,-2.84,814,19,795,34.78,1,3,0,3,0,0,0.00,0,32,163,224,steel,2025,-0.62,0.48,-0.34,-1.05,-1.57,163.0,-1.409,-1.035,-1.213
Caleb Campbell,12,216,158,18,12,6,10,13,178,-0.4,1364,1056,308,34.81,15,11,0,4,0,4,80.00,100,28,188,245,steel,2025,-0.39,0.48,-0.86,-0.36,1.25,163.0,0.025,-0.285,-0.349
Ben Thoennes,8,204,185,41,30,11,13,12,205,-2.54,3933,2598,1335,41.62,14,41,1,1,0,26,53.06,81,93,111,223,steel,2025,1.57,1.2,-0.86,2.41,0.63,163.0,0.723,0.169,0.198
Quinn Buermeyer,12,253,321,25,3,22,4,12,228,0.07,2337,782,1555,38.63,14,14,0,3,0,1,25.00,0,244,9,308,steel,2025,-1.05,-0.77,-1.04,-0.82,-0.4,163.0,-0.606,-0.758,-1.042
Beckett Sessums,7,104,76,16,7,9,2,11,31,-1.36,832,247,585,52.63,5,4,0,3,0,2,66.67,0,19,85,107,steel,2025,1.37,-0.63,0.01,0.11,0.32,163.0,0.247,0.164,0.133
Antonio Rueda,12,239,310,24,9,15,6,10,313,0.2,2673,1225,1448,39.35,16,16,0,4,0,1,100.00,0,226,13,294,steel,2025,-1.06,-0.39,-1.21,-0.36,-0.14,163.0,-0.403,-0.685,-0.92
Josh Moore,6,97,124,21,13,8,2,10,132,-0.22,1919,769,1150,40.32,5,10,0,3,0,2,40.00,0,93,4,116,steel,2025,0.62,-0.57,-0.17,1.03,-0.5,163.0,0.274,0.119,0.1
Jackson Heglie,6,76,47,11,2,9,1,9,21,-0.3,447,74,373,40.43,1,2,0,1,0,0,--,0,16,60,77,steel,2025,1.8,-0.88,0.18,-0.12,-1.12,163.0,0.17,0.174,0.12
Adam McNichols,10,209,264,29,26,3,6,7,284,-0.29,3520,1836,1684,38.26,19,23,1,5,0,14,50.00,0,202,7,238,steel,2025,-0.47,-0.24,-1.38,0.57,0.52,163.0,0.074,-0.435,-0.526
Callahan Bosworth,7,119,104,13,4,9,2,7,78,0.49,1452,482,970,42.31,7,4,2,4,0,2,100.00,3,64,55,107,steel,2025,-0.19,-0.73,-0.86,0.8,0.36,163.0,0.331,-0.086,-0.07
Conner Stillwell,11,168,205,21,13,8,3,7,142,-0.59,2692,800,1892,38.54,12,13,0,4,0,3,100.00,0,162,6,190,steel,2025,-0.6,-0.68,-1.21,0.57,0.08,163.0,-0.136,-0.512,-0.553
Nicholas Dahms,12,158,112,3,1,2,5,7,39,0.02,347,121,226,35.71,3,0,0,1,0,0,--,0,18,140,189,steel,2025,-1.98,-0.12,-1.21,-1.74,-0.94,163.0,-1.26,-1.243,-1.338
Jonathan Lee,4,39,33,5,3,2,0,5,18,0.41,220,127,93,54.55,1,0,0,0,0,0,--,0,11,28,44,steel,2025,0.29,-1.42,0.35,-0.82,-0.83,163.0,-0.244,-0.036,-0.019
Will Dillender-Kinast,4,61,41,2,0,2,6,4,11,-1.67,200,83,117,43.9,2,2,0,2,0,0,--,0,9,52,67,steel,2025,-1.58,2.63,-0.69,-1.28,-0.23,163.0,-1.186,-1.012,-0.649
Dan Baumgartner,8,59,32,1,1,0,2,3,11,1.49,186,67,119,31.25,1,0,0,0,0,0,--,0,5,54,62,steel,2025,-1.9,-0.03,-1.04,-1.05,-0.8,163.0,-0.734,-0.841,-0.519
Emmett Warner,5,80,50,7,6,1,1,3,60,0.21,630,427,203,46.0,2,4,0,1,0,3,42.86,15,24,56,92,steel,2025,0.08,-0.91,-1.21,0.57,-0.51,163.0,0.081,-0.371,-0.279
Sam Harrington,2,15,7,2,0,2,0,2,1,1.49,141,17,124,57.14,1,0,0,0,0,0,--,0,1,14,14,steel,2025,2.74,-1.42,0.35,2.18,2.8,163.0,2.365,1.66,0.486
Ryan Wolfe,12,177,127,10,5,5,4,1,53,-1.77,891,340,551,37.01,3,9,0,4,0,4,57.14,1,29,148,202,steel,2025,-1.03,-0.49,-1.73,-0.82,-1.04,163.0,-1.128,-1.339,-1.491
Jordan Kerr,14,276,332,70,50,20,5,60,285,0.4,4849,2674,2175,61.45,23,12,0,3,0,15,75.00,0,271,5,274,shred,2025,1.37,-0.68,1.92,1.03,0.43,214.0,0.856,1.228,1.39
Chad Yorgason,13,312,342,74,44,30,4,53,277,-0.08,6600,3054,3546,60.23,32,22,0,3,0,26,81.25,0,260,52,319,shred,2025,1.47,-0.89,1.05,1.95,1.21,214.0,1.215,1.157,1.413
Matt Russnogle,13,253,299,54,9,45,2,50,111,0.61,2641,340,2301,60.54,13,5,1,1,0,2,40.00,0,246,7,247,shred,2025,0.82,-1.09,1.57,-0.36,-0.4,214.0,0.178,0.665,0.714
Jace Duennebeil,14,240,258,54,16,38,5,46,89,-0.2,3243,784,2459,63.57,7,7,0,6,0,7,87.50,0,199,41,232,shred,2025,1.35,-0.56,1.39,0.57,-0.93,214.0,0.275,0.665,0.692
Will Selfridge,9,227,252,54,24,30,6,43,217,-0.16,3908,1676,2232,60.71,17,16,0,1,0,11,61.11,0,191,36,234,shred,2025,1.44,-0.33,1.39,1.26,0.37,214.0,0.807,1.011,1.057
McKay Yorgason,14,309,359,51,44,7,5,32,617,0.63,6320,4742,1578,61.56,54,22,1,2,0,8,80.00,0,279,30,313,shred,2025,0.12,-0.75,-0.17,1.72,3.04,214.0,1.352,0.819,0.99
Alex Forsberg,13,184,107,17,3,14,15,29,39,-0.42,737,153,584,57.94,5,2,0,1,0,1,50.00,0,4,180,197,shred,2025,0.43,1.93,0.87,-0.82,-0.3,214.0,-0.235,0.152,0.146
Jacob Miller,13,244,293,32,14,18,0,27,310,1.23,3177,1639,1538,62.12,32,3,0,2,0,4,100.00,0,243,1,245,shred,2025,-0.48,-1.42,0.01,0.11,1.71,214.0,0.557,0.366,0.392
Kimball Pew,13,151,95,16,7,9,11,25,62,0.85,994,573,421,61.05,6,2,0,0,0,4,100.00,0,4,147,175,shred,2025,0.6,1.57,1.05,-0.12,0.23,214.0,0.378,0.613,0.554
Kyle Weinberg,12,222,139,19,6,13,11,23,76,-0.01,866,501,365,54.68,7,6,0,1,0,2,50.00,146,24,198,233,shred,2025,0.02,0.62,-0.17,-1.05,-0.18,214.0,-0.304,-0.257,-0.268
Sam Pew,13,233,130,16,8,8,11,23,73,0.42,988,309,679,58.46,6,4,0,0,0,1,33.33,0,7,226,235,shred,2025,-0.23,0.52,-0.17,-0.59,-0.31,214.0,-0.21,-0.196,-0.205
Tony Mounga,12,178,110,24,14,10,10,22,61,-1.65,1184,739,445,56.36,4,11,0,1,0,6,60.00,1,5,173,203,shred,2025,1.51,0.89,0.18,0.11,-0.63,214.0,-0.007,0.058,0.056
Braden Eberhard,13,251,303,31,8,23,2,20,388,0.68,3642,2305,1337,62.38,27,12,1,1,0,3,50.00,0,251,0,252,shred,2025,-0.6,-1.09,-0.52,0.34,1.07,214.0,0.309,0.019,0.021
Reed Browning,12,186,119,21,12,9,8,19,53,-1.77,1311,479,832,53.78,9,10,0,0,0,4,66.67,0,4,182,221,shred,2025,0.75,0.35,-0.17,0.11,0.63,214.0,0.056,-0.023,-0.023
Nathan De Morgan,8,138,112,24,14,10,4,17,57,-2.08,1612,663,949,50.0,5,11,0,0,0,9,69.23,0,38,100,153,shred,2025,1.44,-0.23,0.18,0.8,-0.37,214.0,0.124,0.144,0.122
Eugene L'Heureux,14,179,115,12,9,3,5,13,63,0.56,1057,666,391,57.39,7,3,1,1,0,4,100.00,136,3,176,220,shred,2025,-0.57,-0.27,-0.69,-0.36,0.16,214.0,-0.109,-0.312,-0.316
Luke Yorgason,7,88,62,11,5,6,4,13,58,0.81,901,579,322,66.13,5,2,0,0,0,3,100.00,0,10,78,103,shred,2025,0.76,0.45,0.7,1.03,0.79,214.0,0.845,0.794,0.551
Nathan Huff,11,185,115,12,9,3,5,13,104,0.73,999,543,456,54.78,15,4,0,0,0,1,100.00,0,13,172,198,shred,2025,-0.57,-0.31,-0.69,-0.36,2.39,214.0,0.483,0.072,0.069
Ben Ashton,8,133,79,7,6,1,6,11,52,0.73,610,433,177,55.7,8,2,0,0,0,3,100.00,3,3,130,154,shred,2025,-0.85,0.44,-0.52,-0.59,1.46,214.0,0.108,-0.112,-0.095
Kaden Froebe,5,65,41,5,0,5,3,8,5,-1.94,147,1,146,53.66,1,0,0,0,0,0,--,0,8,57,79,shred,2025,-0.25,0.48,0.18,-1.51,-1.02,214.0,-1.096,-0.649,-0.394
Travis Dunn,12,272,317,70,47,23,7,54,275,-0.1,5105,2097,3008,57.73,19,21,0,2,0,15,55.56,0,258,14,273,growlers,2025,1.55,-0.36,1.57,1.26,0.13,223.0,0.792,1.064,1.177
Khalif El-Salaam,12,275,252,58,30,28,2,45,204,-0.09,3981,1358,2623,55.56,17,13,0,2,0,7,63.64,20,161,114,311,growlers,2025,1.73,-1.12,0.87,1.26,0.37,223.0,0.909,0.895,1.057
Jesse Cohen,12,194,201,41,21,20,7,41,116,0.17,2393,945,1448,61.69,13,6,0,1,0,3,100.00,0,143,51,200,growlers,2025,1.25,0.07,1.74,0.34,0.28,223.0,0.564,0.976,0.924
Marcel Osborne,14,318,366,57,22,35,7,35,387,0.24,5237,2599,2638,55.46,42,23,0,6,0,4,66.67,5,270,48,343,growlers,2025,0.37,-0.51,0.01,0.8,1.89,223.0,0.832,0.544,0.675
Oliver Artus,13,212,256,41,11,30,4,35,107,0.23,2327,499,1828,54.3,9,7,0,3,0,3,60.00,0,205,7,220,growlers,2025,0.45,-0.64,1.05,-0.36,-0.67,223.0,-0.076,0.318,0.316
Matt Miller,14,309,367,60,37,23,8,30,519,-0.12,7137,4816,2321,55.59,32,37,0,1,0,25,67.57,1,280,29,338,growlers,2025,0.51,-0.35,-0.17,1.95,1.0,223.0,0.866,0.503,0.619
Max Gibson,9,144,94,20,12,8,17,28,68,-1.14,1585,720,865,59.57,9,9,0,0,0,5,62.50,2,25,119,167,growlers,2025,1.41,3.44,1.39,1.49,1.28,223.0,0.888,1.064,0.921
KJ Koo,10,197,207,28,10,18,10,27,191,0.47,3015,1426,1589,57.0,18,10,0,1,0,7,87.50,1,140,57,213,growlers,2025,-0.0,0.67,0.53,1.03,1.0,223.0,0.602,0.577,0.564
Daniel Brunker,10,162,193,33,21,12,5,23,242,0.52,3073,2037,1036,52.33,16,12,0,3,0,8,72.73,1,133,29,185,growlers,2025,0.65,-0.15,0.53,1.26,0.87,223.0,0.832,0.726,0.661
Kyle Rubin,11,224,264,24,16,8,3,19,178,0.5,2547,1471,1076,58.33,20,4,0,4,0,4,80.00,0,223,1,222,growlers,2025,-0.81,-0.87,-0.52,-0.12,0.64,223.0,-0.013,-0.19,-0.19
Casey Wu,12,156,192,19,4,15,2,18,113,1.13,1646,691,955,54.69,10,1,0,2,0,1,100.00,0,149,7,176,growlers,2025,-0.66,-0.89,0.18,-0.36,-0.12,223.0,-0.092,0.003,0.003
Casey Shugarman,14,195,109,7,4,3,13,17,31,-0.32,704,162,542,47.71,5,3,0,0,0,0,--,0,6,189,224,growlers,2025,-1.3,1.32,-0.34,-1.05,-0.32,223.0,-0.796,-0.636,-0.637
Will Turner,12,218,125,16,8,8,7,17,132,0.46,1370,987,383,58.4,7,5,0,1,0,5,83.33,142,14,204,243,growlers,2025,-0.14,-0.1,-0.52,0.11,0.0,223.0,0.078,-0.131,-0.137
Kobi McCracken,14,204,139,14,11,3,5,16,93,0.25,1253,676,577,53.96,8,3,0,0,0,3,75.00,0,32,172,241,growlers,2025,-0.63,-0.41,-0.52,-0.36,0.05,223.0,-0.216,-0.322,-0.335
Stefan Samu,9,138,86,13,5,8,5,15,44,-0.22,953,400,553,55.81,2,3,0,0,0,3,75.00,4,13,125,161,growlers,2025,0.29,0.07,0.01,0.11,-1.05,223.0,-0.192,-0.121,-0.103
Maxwell Hume,13,185,110,16,3,13,6,14,50,-0.71,821,212,609,57.27,3,6,0,2,0,0,--,0,12,173,219,growlers,2025,0.18,-0.09,-0.52,-0.82,-0.92,223.0,-0.523,-0.522,-0.517
Ben Levinsky,11,147,84,7,4,3,8,11,32,-0.27,568,171,397,52.38,3,3,0,1,0,1,100.00,8,1,146,176,growlers,2025,-0.95,0.82,-0.69,-0.82,-0.65,223.0,-0.706,-0.7,-0.622
Bryce Lozinski,13,232,141,10,9,1,4,11,138,1.05,1022,749,273,56.03,10,2,2,1,0,2,100.00,4,23,209,268,growlers,2025,-1.18,-0.71,-1.04,-0.82,0.48,223.0,-0.229,-0.513,-0.562
Michael Tran,9,163,108,10,6,4,7,11,97,0.11,745,566,179,52.78,7,6,0,0,0,2,40.00,58,27,136,197,growlers,2025,-0.78,0.34,-0.69,-0.82,0.28,223.0,-0.347,-0.467,-0.439
Peter Lenz,7,81,94,10,5,5,5,9,88,0.39,1055,708,347,54.26,2,5,0,1,0,3,100.00,5,61,20,90,growlers,2025,-0.53,1.12,0.01,0.11,-1.12,223.0,-0.334,-0.214,-0.136
Garrett Martin,11,244,293,68,31,37,4,54,204,0.26,4206,1473,2733,57.34,23,12,0,6,0,9,81.82,0,224,20,275,cascades,2025,1.76,-0.75,1.92,0.8,0.72,177.0,0.96,1.296,1.615
Zeppelin Raunig,9,194,237,42,11,31,6,42,102,0.35,3223,563,2660,53.59,9,5,0,1,0,2,100.00,0,189,5,202,cascades,2025,0.76,-0.15,1.92,0.8,-0.58,177.0,0.353,0.901,0.963
Conor Belfield,8,168,200,43,23,20,7,35,163,-0.35,3609,1038,2571,53.0,13,12,0,3,0,7,50.00,0,155,13,192,cascades,2025,1.45,0.3,1.74,1.72,0.29,177.0,0.868,1.173,1.222
Langley Fitzpatrick,8,104,73,14,4,10,14,27,33,0.89,632,23,609,56.16,4,1,0,0,0,1,100.00,0,8,96,119,cascades,2025,1.03,4.12,2.61,-0.36,-0.04,177.0,0.387,1.165,0.955
Lukas Ambrose,9,218,143,19,4,15,13,24,86,-0.26,1507,433,1074,51.05,11,7,0,1,0,1,50.00,71,43,175,228,cascades,2025,-0.05,1.03,0.01,0.11,0.67,177.0,0.128,0.087,0.099
Marc Munoz,10,202,186,33,25,8,7,23,244,0.15,3112,2070,1042,54.3,21,15,1,2,0,12,85.71,0,119,83,227,cascades,2025,0.76,0.01,0.01,1.49,1.83,177.0,1.088,0.711,0.805
Tony Goss,10,204,221,28,13,15,4,22,280,0.78,2207,1454,753,58.37,21,9,0,1,0,3,100.00,0,160,44,230,cascades,2025,-0.16,-0.61,0.01,-0.12,1.26,177.0,0.393,0.259,0.295
Tommy Li,12,230,289,33,14,19,4,19,163,-0.45,2858,1072,1786,52.6,23,16,0,2,0,8,66.67,0,230,0,263,cascades,2025,-0.39,-0.7,-0.52,-0.12,0.76,177.0,-0.047,-0.213,-0.26
Jack Brown,11,213,168,18,12,6,10,17,77,-0.87,1649,539,1110,49.4,6,8,0,3,0,5,62.50,4,87,126,230,cascades,2025,-0.52,0.51,-0.52,-0.12,-0.65,177.0,-0.523,-0.522,-0.595
Asher Lantz,10,196,136,9,4,5,8,16,34,1.49,802,191,611,41.18,5,0,1,1,0,0,--,1,24,172,220,cascades,2025,-1.26,0.26,-0.52,-1.05,-0.62,177.0,-0.498,-0.506,-0.564
Derek Mourad,11,212,270,27,17,10,2,14,369,0.54,3409,2918,491,49.63,23,14,1,1,0,12,100.00,4,203,9,248,cascades,2025,-0.65,-1.03,-0.69,0.57,0.94,177.0,0.29,-0.053,-0.063
Dominic Jacobs,9,118,71,7,1,6,8,13,10,-0.38,277,63,214,39.44,0,1,0,1,0,0,--,0,5,113,128,cascades,2025,-0.67,1.37,0.01,-1.51,-1.8,177.0,-1.104,-0.714,-0.607
Mikey O'Brien,10,209,141,8,7,1,7,13,82,0.77,853,275,578,50.35,4,2,2,0,0,0,--,16,30,179,226,cascades,2025,-1.43,-0.04,-0.86,-1.05,-0.89,177.0,-0.76,-0.795,-0.898
Brandon Li,9,127,130,12,5,7,5,12,49,-0.75,1047,204,843,50.0,2,4,0,1,0,1,100.00,1,80,47,144,cascades,2025,-0.79,0.2,-0.34,-0.59,-1.31,177.0,-0.862,-0.679,-0.612
Emmet Shipway,11,159,150,18,2,16,4,12,128,-0.27,1328,842,486,47.33,3,9,0,1,0,1,50.00,2,79,80,185,cascades,2025,-0.28,-0.38,-0.52,-0.36,-1.16,177.0,-0.518,-0.519,-0.531
Aaron Wolf,6,133,144,24,16,8,5,10,170,-0.48,1875,1496,379,51.39,13,17,1,2,0,5,62.50,8,87,46,140,cascades,2025,0.57,0.13,-0.52,0.57,1.1,177.0,0.493,0.138,0.123
Christian Foster,8,164,184,24,21,3,1,10,240,0.13,3280,2755,525,53.8,15,15,1,0,0,26,83.87,12,146,18,161,cascades,2025,-0.09,-1.17,-0.86,1.72,0.82,177.0,0.634,0.111,0.106
Phillip Korolog,5,72,50,7,4,3,2,8,25,0.7,307,103,204,50.0,3,1,0,0,0,1,100.00,3,25,47,69,cascades,2025,0.08,-0.28,0.01,-1.05,0.13,177.0,-0.066,-0.039,-0.024
Axel Olson,1,22,15,3,3,0,2,5,25,1.49,278,279,-1,66.67,3,0,0,0,0,2,100.00,10,5,17,25,cascades,2025,1.18,2.32,2.09,1.95,4.63,177.0,2.297,2.225,0.836
Gavin Leahy,3,20,21,5,4,1,0,5,9,1.49,172,87,85,66.67,1,0,0,0,0,0,--,1,11,9,25,cascades,2025,1.87,-1.42,2.44,-0.59,-0.27,177.0,0.644,1.273,0.478
James Lewis,11,265,298,54,22,32,9,47,287,0.28,5154,1900,3254,54.03,27,15,0,1,0,4,57.14,1,233,32,270,rush,2025,0.83,-0.02,1.22,1.49,1.11,174.0,0.955,1.048,1.305
Arvids Karklins,8,200,209,42,25,17,9,35,166,-0.32,4100,1592,2508,55.02,16,15,0,1,0,12,57.14,11,167,33,197,rush,2025,1.19,0.43,1.22,2.18,0.66,174.0,1.003,1.079,1.148
Tom Blasman,12,279,297,59,48,11,4,35,452,0.17,6110,4346,1764,53.2,27,25,1,3,0,24,61.54,6,232,47,280,rush,2025,1.15,-0.83,0.35,2.41,1.12,174.0,1.262,0.943,1.196
Keith McRae,12,209,201,31,10,21,9,32,108,0.07,2331,734,1597,54.73,10,8,0,0,0,5,55.56,2,134,75,223,rush,2025,0.34,0.35,0.7,0.34,-0.2,174.0,0.151,0.343,0.388
Ty Barbieri,10,212,238,44,8,36,1,31,73,-0.77,2005,214,1791,55.04,5,9,1,5,0,2,40.00,0,194,18,221,rush,2025,0.9,-1.23,0.7,-0.59,-1.13,174.0,-0.314,0.041,0.046
Phil Turner,12,234,134,12,2,10,17,25,62,0.85,1067,435,632,48.51,7,2,0,2,1,2,100.00,87,47,187,245,rush,2025,-0.84,1.57,0.01,-0.59,-0.12,174.0,-0.259,-0.165,-0.196
Ryan Poloz,11,217,261,30,24,6,1,19,265,0.32,2987,2075,912,54.41,13,11,0,1,0,4,66.67,0,208,9,233,rush,2025,-0.37,-1.23,-0.34,0.11,-0.2,174.0,-0.07,-0.164,-0.19
Oscar Stonehouse,8,150,91,15,4,11,4,17,51,0.72,1065,235,830,52.75,8,2,0,0,0,0,--,0,28,122,157,rush,2025,0.53,-0.32,0.01,0.34,1.03,174.0,0.646,0.423,0.402
Martin Gallant,4,86,94,23,9,14,2,15,109,-0.23,1610,853,757,58.51,8,10,1,0,0,2,66.67,0,78,8,93,rush,2025,1.99,-0.46,1.05,1.49,0.94,174.0,1.158,1.12,0.819
Toms Abeltins,11,198,113,15,11,4,7,15,121,0.22,1425,1213,212,56.64,9,7,0,0,0,10,76.92,0,47,151,217,rush,2025,-0.05,0.04,-0.52,0.57,0.76,174.0,0.362,0.053,0.059
Luc Comire,9,185,215,22,17,5,1,9,306,0.59,3640,2654,986,54.88,20,14,1,0,0,8,57.14,0,176,9,205,rush,2025,-0.6,-1.2,-1.04,1.49,1.19,174.0,0.608,0.031,0.034
Mike Mackenzie,5,111,68,11,3,8,4,9,44,-0.61,938,375,563,52.94,7,5,0,1,0,1,50.00,21,19,92,118,rush,2025,0.48,0.06,-0.52,0.8,1.51,174.0,0.6,0.208,0.171
Wilkie Lewis,11,229,256,22,7,15,0,9,140,0.38,2073,734,1339,53.13,12,8,0,5,0,2,40.00,0,201,28,248,rush,2025,-0.9,-1.42,-1.21,-0.59,-0.29,174.0,-0.414,-0.693,-0.827
Zachary Armstrong,11,186,95,7,4,3,4,9,22,-0.22,426,124,302,45.26,1,2,0,0,0,0,0.00,75,25,161,192,rush,2025,-1.13,-0.54,-1.04,-1.51,-1.46,174.0,-1.126,-1.096,-1.151
Dax Miller,7,91,49,8,5,3,1,7,27,0.07,528,265,263,63.27,2,2,0,0,0,1,50.00,0,16,75,99,rush,2025,0.51,-0.97,-0.52,0.11,-0.49,174.0,0.072,-0.135,-0.102
Araav Sehgal,8,86,45,4,4,0,2,5,46,1.49,414,345,69,53.33,3,0,0,1,0,1,100.00,0,9,77,98,rush,2025,-0.85,-0.46,-0.86,-0.36,0.35,174.0,0.04,-0.275,-0.206
Brandon Adibe,9,128,55,6,1,5,3,5,6,-5.36,380,48,332,45.45,0,3,0,1,0,0,--,0,5,123,141,rush,2025,-0.48,-0.46,-1.21,-0.82,-1.8,174.0,-1.871,-1.64,-1.476
Nathan Hsieh,6,82,56,8,2,6,0,5,28,-1.08,650,310,340,53.57,6,3,0,0,0,2,66.67,0,29,53,96,rush,2025,0.14,-1.42,-0.86,0.34,1.65,174.0,0.323,-0.091,-0.068
Rowan Jamieson,4,49,29,5,0,5,1,5,7,1.49,196,-17,213,41.38,1,0,0,1,0,0,--,2,8,41,55,rush,2025,0.67,-0.58,-0.17,-0.82,-0.69,174.0,0.122,0.02,0.011
Harry Norris,7,76,38,7,3,4,1,4,16,-2.62,389,62,327,52.63,1,4,0,0,0,0,0.00,2,4,72,86,rush,2025,0.89,-0.88,-1.04,-0.12,-0.95,174.0,-0.524,-0.705,-0.496
Joel Clutton,7,125,158,22,4,18,4,18,67,-0.94,1438,360,1078,33.54,5,8,0,0,0,2,100.00,1,110,15,146,bighorns,2025,0.07,-0.1,0.53,-0.36,-0.78,142.0,-0.452,-0.108,-0.11
Brad Ellis,11,208,278,29,8,21,4,16,73,-2.75,2134,364,1770,31.29,6,16,1,1,0,2,22.22,0,198,10,239,bighorns,2025,-0.57,-0.63,-0.52,-0.59,-1.11,142.0,-1.146,-0.927,-1.203
Braden Distel,11,183,174,13,6,7,11,15,68,-1.14,1411,423,988,31.03,6,9,0,0,0,3,60.00,0,93,90,214,bighorns,2025,-1.11,1.05,-0.52,-0.59,-0.69,142.0,-0.881,-0.755,-0.927
Brent Moore,8,125,92,11,3,8,10,14,30,-1.94,562,53,509,33.7,2,6,0,1,0,0,0.00,34,35,90,147,bighorns,2025,-0.29,1.87,0.01,-1.05,-1.1,142.0,-1.013,-0.655,-0.666
Dan Vockeroth,5,123,140,14,7,7,6,12,96,-0.09,1568,559,1009,32.14,6,6,0,2,0,3,50.00,1,94,29,145,bighorns,2025,-0.65,0.59,-0.17,0.11,-0.42,142.0,-0.29,-0.248,-0.251
Harrison Tucker,11,174,199,15,2,13,2,12,63,0.86,1234,31,1203,29.15,6,2,0,3,0,1,100.00,0,126,48,201,bighorns,2025,-1.09,-0.95,-0.69,-1.05,-0.83,142.0,-0.625,-0.648,-0.771
Porter Stobbe,10,181,222,31,18,13,5,9,62,-4.58,1929,758,1171,31.08,4,24,0,3,0,10,47.62,0,153,28,192,bighorns,2025,0.08,-0.28,-1.04,-0.36,-1.22,142.0,-1.287,-1.201,-1.397
Jason Zeidman,9,120,101,7,2,5,8,7,57,-0.76,749,298,451,29.7,2,6,0,2,0,2,66.67,0,51,69,141,bighorns,2025,-1.21,1.32,-0.86,-0.82,-1.16,142.0,-1.01,-0.958,-0.955
Chris Wilson,11,154,114,7,5,2,4,6,62,-0.04,627,83,544,31.58,4,4,0,1,0,0,--,0,42,112,184,bighorns,2025,-1.35,-0.35,-1.21,-1.05,-0.67,142.0,-0.843,-0.971,-1.105
Ryan Hiser,8,162,214,23,20,3,8,4,243,-0.43,3039,2134,905,35.51,19,23,0,4,0,20,68.97,5,153,9,188,bighorns,2025,-0.51,0.61,-1.56,0.8,1.06,142.0,0.226,-0.399,-0.459
Adrian Cisneros,8,103,75,5,0,5,2,2,21,-1.08,448,48,400,32.0,2,3,0,2,0,0,--,1,38,65,114,bighorns,2025,-1.25,-0.62,-1.56,-1.05,-0.94,142.0,-1.088,-1.253,-1.123
AJ Miles,4,58,52,2,0,2,2,2,8,-0.79,245,23,222,28.85,1,1,1,1,0,1,50.00,0,34,24,61,bighorns,2025,-1.77,-0.0,-1.38,-1.28,-1.18,142.0,-1.304,-1.331,-0.872
James Shorey,11,160,169,8,3,5,3,2,46,-1.87,724,192,532,27.22,4,9,0,0,0,0,0.00,0,118,42,191,bighorns,2025,-1.61,-0.65,-1.73,-1.51,-1.04,142.0,-1.495,-1.577,-1.829
Ryan Martin,6,69,52,2,0,2,2,2,26,0.02,266,94,172,28.85,0,1,0,1,0,1,100.00,3,22,47,81,bighorns,2025,-1.77,-0.23,-1.38,-1.28,-1.8,142.0,-1.297,-1.326,-1.001
Sam Besse,10,177,201,12,3,9,3,2,177,0.09,1817,1197,620,30.85,4,12,0,1,0,1,25.00,2,128,49,217,bighorns,2025,-1.38,-0.72,-1.73,-0.36,-1.16,142.0,-0.776,-1.11,-1.372
Brock Jensen,4,57,38,2,1,1,0,1,24,-0.79,279,229,50,26.32,2,1,0,0,0,1,100.00,1,20,37,52,bighorns,2025,-1.51,-1.42,-1.56,-0.82,-0.11,142.0,-0.844,-1.095,-0.663
Brycen Williams,11,166,127,8,4,4,3,1,65,-0.76,1088,362,726,33.07,5,8,0,2,0,1,100.00,1,63,103,183,bighorns,2025,-1.32,-0.68,-1.73,-0.36,-0.53,142.0,-0.77,-1.106,-1.256
Connor Garrison,3,30,21,0,0,0,2,1,6,-1.45,46,17,29,14.29,0,1,0,0,0,0,--,0,0,30,38,bighorns,2025,-2.47,1.32,-1.38,-1.97,-1.8,142.0,-1.974,-1.766,-0.914
Jake Anderson,6,62,40,1,0,1,1,1,3,-3.65,76,-11,87,25.0,0,1,0,0,0,0,0.00,0,9,53,63,bighorns,2025,-2.01,-0.76,-1.56,-1.97,-1.8,142.0,-2.276,-2.025,-1.349
Blake Jordan,2,37,33,1,1,0,2,0,28,-0.5,300,250,50,21.21,1,3,0,0,0,1,100.00,13,18,19,37,bighorns,2025,-1.92,0.81,-1.91,-0.36,-0.83,142.0,-0.973,-1.301,-0.664
