Player,Y,SCR,HA,PlusMinus,BLK,Cmp%,PP,eUPV_custom
Austin Taylor,6375,77,20,57,2,94.14,284,232.0
Matt Smith,4138,53,34,52,5,96.14,264,179.0
Elijah Jaime,2811,54,14,48,3,92.23,261,119.0
Antoine Davis,4206,59,25,45,9,89.42,289,141.0
Karl Ekwurtzel,2515,34,12,34,4,98.21,187,160.0
Brett Hulsmeyer,1238,14,14,30,23,94.5,220,70.0
Parker Bray,3750,45,20,25,4,91.02,207,173.0
John Stubbs,2065,29,16,23,3,92.68,145,150.0
JP Burns,1360,23,6,22,6,91.53,170,86.0
Jakeem Polk,639,10,2,20,13,96.3,209,41.0
Michael Fairley,1548,21,11,19,7,92.57,211,78.0
Tanner Robinson,1733,19,7,17,7,94.56,172,107.0
Kelvin Williams,436,5,2,16,12,100.0,210,31.0
Dean Ramsey,515,9,1,14,5,100.0,114,63.0
Kennith Taylor,584,11,3,14,7,82.61,146,38.0
Will Lindquist,972,11,2,10,1,91.67,69,139.0
Hayden Austin-Knab,626,11,4,8,0,89.13,54,115.0
Dylan Tunnell,612,8,2,7,1,95.56,36,186.0
Player Pierce,1899,15,15,5,0,94.33,139,134.0
Adnan Raslan,127,1,1,3,2,100.0,49,35.0
Eric Brodbeck,4425,62,23,54,10,94.34,260,185.0
Vinay Valsaraj,3319,48,13,37,12,90.27,250,131.0
Evan Swiatek,3642,53,17,35,8,90.39,235,152.0
Hayden Stone,2483,38,11,33,5,93.41,273,98.0
Joey Wylie,2226,32,9,32,13,89.52,254,88.0
Mick Walter,1489,13,8,29,23,95.73,220,81.0
Connor DeLuna,724,21,0,27,6,100.0,170,66.0
Shane Heath,2133,34,8,26,2,92.74,170,132.0
Jeremy Keusch,1379,15,10,21,11,94.55,203,77.0
Zach Slayton,1758,24,12,21,10,95.21,225,88.0
Elliott Moore,1841,27,10,20,10,87.5,202,85.0
Jacob Sames,2538,16,22,13,6,96.83,202,133.0
Reese Bowman,1513,16,15,12,9,92.7,259,60.0
John Cecil,862,13,5,11,3,94.44,92,104.0
Joe Sefton,1569,15,12,7,0,91.62,119,125.0
Brian Gfroerer,292,5,2,6,3,90.48,77,42.0
Jake Worthington,546,3,3,6,4,96.15,98,61.0
Matt Chambers,441,6,5,6,4,95.59,76,68.0
Alex Heath,465,5,2,5,2,92.86,70,68.0
Jackson Potts,433,6,3,5,0,95.65,75,64.0
Tanner Halkyard,3985,65,18,59,11,91.33,238,176.0
Benjamin Sadok,6634,68,37,44,2,94.72,296,230.0
Willie Stewart,3301,38,23,34,7,94.92,277,129.0
Topher Davis,1604,35,5,30,1,94.03,100,186.0
Henry Babcock,4181,42,24,28,2,95.64,247,178.0
Chris Bartoli,820,19,1,27,11,90.48,192,52.0
Gustav Haflin,929,20,5,27,9,95.56,176,70.0
Nick Thompson,1769,26,12,23,2,94.68,165,119.0
Orion Cable,2011,22,17,19,6,90.67,145,137.0
Dean Bullock,639,5,1,14,11,92.86,168,43.0
Brendan McCann,1191,16,8,13,6,92.31,197,63.0
Eugene L'Heureux,852,10,3,12,6,90.7,152,57.0
Tannor Johnson-Go,2048,21,14,12,1,91.13,92,212.0
Ray Tetreault,621,9,2,11,4,96.43,83,89.0
Cole Davis-Brand,1540,17,10,10,1,92.92,92,167.0
Cam Wariner,295,4,4,10,6,100.0,73,62.0
Ian Engler,1990,11,12,9,1,97.58,91,230.0
Jake Taylor,1470,13,14,9,2,95.42,97,160.0
Ryan Woodhouse,227,2,0,9,8,91.67,110,27.0
Braden Eberhard,606,9,9,7,2,96.92,101,72.0
Anders Juengst,4826,84,30,76,4,96.3,287,199.0
Allan Laviolette,4847,73,14,53,2,90.79,285,168.0
Henry Fisher,4359,58,31,53,6,95.22,283,171.0
Jacob Fairfax,4304,51,21,48,9,96.05,326,146.0
Terrence Mitchell,2953,44,14,42,4,97.7,224,157.0
Matt Gouchoe-Hanas,3810,47,40,37,0,98.54,285,157.0
Elijah Long,2017,35,29,34,8,95.65,263,94.0
Sol Yanuck,6468,55,42,34,5,95.63,311,215.0
Eric Taylor,3214,40,22,31,6,93.92,227,150.0
Alex Davis,931,18,6,29,15,92.68,220,54.0
David Richardson,473,12,1,26,16,94.12,243,31.0
Seth Weaver,1022,23,12,24,7,93.33,241,53.0
Matthew Mcknight,3181,30,19,16,1,94.4,201,159.0
Noah Saul,1447,20,11,16,9,93.84,244,64.0
Tim McAllister,655,10,6,15,7,93.75,157,51.0
Ethan Bloodworth,971,13,2,13,7,93.55,241,43.0
Connor Russell,534,9,5,11,10,85.96,122,45.0
Josh Hartzog,697,10,4,9,4,89.86,234,30.0
Grayson Sanner,258,5,0,6,1,93.75,50,61.0
Trevor Lynch,742,8,6,6,4,94.34,199,39.0
Ross Barker,4403,74,28,60,4,92.89,278,171.0
Pawel Janas,7290,73,40,58,2,95.95,266,292.0
Paul Arters,3467,51,14,48,4,95.77,187,210.0
Nate Goff,1499,25,9,36,19,96.12,258,74.0
Drew Swanson,391,8,3,26,20,100.0,175,43.0
Eli Artemakis,1799,23,12,24,3,96.55,154,134.0
Jeremy Burril,2086,34,17,24,1,94.7,186,125.0
Keegan North,2328,34,20,23,2,93.85,186,134.0
Jack Shanahan,1684,27,5,22,3,89.29,135,122.0
Jason Vallee,1205,25,9,21,6,94.07,210,67.0
Pat Shriwise,2598,31,15,20,1,96.25,166,169.0
Tim Schoch,1149,18,9,20,4,98.03,164,88.0
Kurt Gibson,1425,21,5,18,5,94.2,122,127.0
Nico Lake,2508,22,20,18,3,95.96,168,159.0
Cal Tornabene,539,9,5,17,9,97.87,186,41.0
Danny Miller,885,14,1,15,1,100.0,57,195.0
Jeffrey Robinson,855,12,11,14,10,91.26,180,53.0
Charlie Furse,961,16,4,13,2,94.05,177,60.0
Sam Kaminsky,1002,16,8,12,4,94.16,187,59.0
Reid Martin,975,13,8,11,3,99.0,156,75.0
Joe Richards,2404,58,6,57,5,90.67,221,123.0
AJ Merriman,2043,35,5,44,20,88.37,246,87.0
Joe Merrill,1789,43,6,43,3,93.24,146,147.0
Garrett Braun,3101,39,31,33,3,98.04,192,190.0
Jonny Malks,5128,54,34,33,2,96.1,224,243.0
Zach Norrbom,2954,36,19,31,3,98.08,146,234.0
Jacques Nissen,3569,35,21,29,3,96.41,207,186.0
Rhys Bergeron,1012,15,4,27,15,92.96,188,65.0
Rowan McDonnell,3483,38,30,25,7,96.64,243,157.0
Jeff Wodatch,1864,28,10,23,1,94.83,115,179.0
Gus Norrbom,2327,25,17,21,1,98.61,163,164.0
Jeremy Hess,819,13,2,15,6,90.2,189,46.0
Duncan Fitzgerald,1120,14,6,13,5,92.04,183,63.0
Kevin Healey,907,16,6,13,2,91.89,91,107.0
Ben Green,445,6,3,12,10,90.0,152,34.0
Steven Wartinbee,1531,18,9,12,2,95.2,114,142.0
Leo Pierson,222,5,0,10,5,100.0,42,86.0
Quinn Bergeron,570,4,4,10,11,88.37,145,40.0
David Shields,1703,16,8,9,3,94.85,193,90.0
Jasper Tom,879,5,8,9,7,97.85,146,69.0
Andrew Sjogren,4529,65,20,55,2,95.73,291,173.0
Jake Kenniv,2624,35,13,31,8,90.84,221,119.0
Bryan Walsh,5979,55,24,18,4,92.55,308,183.0
Caleb Stanish,883,13,7,17,9,94.34,211,50.0
Grant Maynard,1465,19,8,14,3,91.95,175,84.0
Jack Havey,2709,24,12,12,7,89.55,205,118.0
Ashton Hoffman,1559,13,6,9,2,96.15,126,128.0
Terry Gaither,290,1,1,8,9,95.24,87,42.0
Tevor Balfour,452,4,2,6,6,84.85,114,35.0
Colin Ringwood,551,6,3,4,3,94.05,149,38.0
Tyler Mitchuson,164,2,0,4,5,76.92,139,10.0
Kevin Anthony,2058,17,16,3,3,90.63,170,109.0
Jordan Kinde,1241,15,1,2,2,87.6,143,72.0
Zachery Turner,148,3,1,2,2,86.67,56,26.0
Aaron Schwieterman,533,7,2,1,0,94.83,67,79.0
Chris Ellis,40,1,0,1,1,0.0,22,0.0
Elliot Deeds,19,0,0,1,1,100.0,11,29.0
Michael Ntende,9,0,0,1,1,50.0,20,3.0
Rees McDevitt,362,3,2,1,3,96.23,109,34.0
Matt LeMaitre,502,3,3,0,6,82.61,140,27.0
Levi Jacobs,4898,59,22,41,4,91.42,255,188.0
Xavier Payne,3463,39,27,37,15,96.72,301,131.0
Rick Gross,4058,49,18,33,5,91.78,255,156.0
Travis Carpenter,5088,46,28,28,2,95.45,255,205.0
Cody Curran,1172,22,4,24,7,92.11,182,73.0
Joshua Venegas,273,8,1,20,14,92.31,162,29.0
Corey Hardesty,949,16,7,19,3,100.0,121,104.0
Conner Henderson,2052,23,11,18,5,95.9,161,138.0
Kyle Romard,2958,27,21,18,2,95.38,248,124.0
Trey Dynes,2081,26,11,16,4,92.75,231,91.0
Cameron Brock,1856,22,9,15,1,93.6,104,182.0
Chris Walsh,3052,27,14,12,3,93.38,178,166.0
Jacob Fella,594,8,4,12,11,82.86,152,36.0
Mason Zetsch,803,12,3,12,5,84.62,180,40.0
Alex Mcclure,171,3,0,9,6,100.0,41,71.0
Lucas Coniaris,1547,20,7,9,2,88.98,164,86.0
Nick Hutton,971,11,5,6,8,76.81,183,36.0
Nick Phillips,240,6,1,6,1,88.89,134,20.0
Danny Khoe,171,3,0,5,2,100.0,45,54.0
Michael Ames,669,9,5,5,2,90.0,125,51.0
Sean McDougall,4056,67,20,60,18,86.84,295,131.0
Danny Landesman,2321,39,10,30,2,92.81,151,164.0
Sam Cook,3270,41,18,30,3,94.38,255,135.0
Michael Kiyoi,2621,37,14,22,3,93.15,253,106.0
KJ Koo,2292,24,11,21,8,91.93,173,132.0
Marcel Osborne,1936,31,15,21,2,90.0,177,109.0
Seamus Robinson,847,13,3,16,10,89.06,150,59.0
Matt Miller,991,15,6,15,4,95.38,177,65.0
Calvin Brown,3409,39,19,14,12,86.42,185,156.0
Mitchell Steiner,1417,15,7,13,8,93.22,204,71.0
Nate Ransom,850,13,2,9,8,87.74,169,47.0
Brandon Van Deusen,2085,23,18,5,2,90.16,156,122.0
Collin Gall,1835,19,14,5,1,94.12,236,77.0
Jake Baumer,150,2,0,4,3,88.89,36,46.0
Sam Plasman,284,3,0,4,2,90.91,66,43.0
Wayne Lu,93,2,0,4,5,57.14,35,15.0
Andrew Padula,646,6,10,3,5,92.45,216,30.0
Garrett Santi,201,5,0,3,1,78.95,71,23.0
Eddie Finley,60,0,0,2,3,80.0,46,12.0
Ian Ladner,243,3,0,2,0,97.44,48,55.0
Kevin Pettit-Scantling,1996,45,10,50,21,90.06,279,82.0
Jack Kelly,1905,40,5,38,3,95.93,153,151.0
Sterling Knoche,1504,32,4,34,5,94.83,166,110.0
Chris Wilen,2836,35,10,30,5,94.04,167,179.0
Victor Luo,4539,40,29,25,3,95.62,201,234.0
Rami Paust,4910,52,28,23,4,92.23,219,216.0
Chase Marty,838,19,3,22,6,97.78,171,66.0
Luke Marks,773,15,9,22,9,96.49,196,54.0
Joshua Wilson,2386,27,16,21,4,95.53,239,108.0
Andrew Meshnick,1112,11,6,16,9,92.06,206,57.0
Nico Ranabhat,965,14,5,14,6,86.84,155,59.0
Dylan Power,2543,20,14,13,3,95.88,177,148.0
Henry Goldenberg,1191,17,6,13,3,95.31,134,98.0
Biz Schlaefer,479,12,2,11,1,93.33,37,156.0
David Nester,1243,15,7,11,2,93.55,75,171.0
Ian McCosky,885,9,5,11,4,100.0,179,60.0
Liam McDonald,505,9,1,11,4,92.0,53,108.0
Ted Schewe,1244,13,9,9,0,88.24,102,110.0
Avery Johnson,1831,18,11,8,0,91.11,161,106.0
Jacob Wham,616,8,4,8,3,92.86,122,54.0
Nick Vogt,2868,47,17,55,12,96.73,237,149.0
Bryan Vohnoutka,3399,53,17,50,10,91.4,265,135.0
Dylan DeClerck,1276,23,7,40,23,92.42,224,72.0
Charles Weinberg,3258,45,19,33,1,94.55,195,179.0
Cole Jurek,3925,45,19,31,3,93.58,247,162.0
Rocco Linehan,3193,45,11,31,5,92.34,190,170.0
William Brandt,2294,36,14,27,2,95.56,163,158.0
Andrew Roy,3957,38,33,23,5,97.12,265,162.0
Charlie McCutcheon,788,16,3,23,9,95.59,206,50.0
Isaac Leonard,1098,15,9,18,5,95.08,124,103.0
James Kittlesen,775,9,3,18,12,92.31,170,52.0
Tony Poletto,2316,33,23,17,2,96.63,196,132.0
Bret Bergmeier,1430,18,10,16,5,94.12,191,81.0
Brett Matzuka,1544,12,21,16,10,97.46,179,101.0
Brandon Matis,573,8,1,15,9,94.29,166,42.0
Colin Berry,1244,16,8,13,8,91.3,200,63.0
Michael Jordan,1609,16,9,13,1,95.65,132,129.0
Scott Hearne,899,15,2,11,2,93.26,116,82.0
Paul Krenik,381,8,3,9,1,100.0,45,117.0
Raheem Ishaque,273,4,1,9,6,100.0,62,65.0
Sacha Poitte-Sokolsky,3664,63,14,59,4,94.38,196,211.0
Jakob Brissette,3543,44,18,30,8,92.94,179,201.0
Malik Auger-Semmar,3817,47,17,27,6,88.64,222,157.0
Christophe Tremblay-Joncas,1540,15,7,26,16,95.52,201,89.0
Kevin Quinlan,3395,36,28,20,4,91.56,205,161.0
Miguel Goderre,1940,23,31,19,2,97.36,197,116.0
Nabil Chaouch,1117,20,3,19,8,86.96,149,73.0
André Arsenault,703,12,4,18,12,88.46,129,60.0
Ywan Cohonner,478,8,5,15,8,95.45,128,51.0
Gabriel Monfette,1172,17,4,13,2,95.33,132,97.0
Vincent Lemieux,3735,34,13,13,5,91.26,203,169.0
Felix Leonard,388,8,3,9,2,93.75,79,60.0
Basile Limoges,487,5,3,6,3,92.68,73,70.0
Thomas Duplaix,608,9,4,6,4,88.06,163,35.0
Thomas Lalonde-Landry,176,5,2,6,1,100.0,81,34.0
Simon Charette,373,7,3,5,2,61.54,119,15.0
Eliott Heloir,1015,9,8,3,3,89.11,145,62.0
Olivier Bastien,150,3,1,3,1,87.5,82,19.0
Vincent Gamache,433,5,3,3,1,92.68,79,55.0
Julien Sénéchal,336,3,1,2,2,85.19,106,26.0
Ben Jagt,7135,118,40,107,20,92.26,415,186.0
Ryan Osgar,7363,114,30,88,2,92.75,314,246.0
Jeff Babbitt,1751,31,3,52,21,100.0,308,81.0
John Lithio,4446,55,26,52,7,95.38,315,156.0
Jack Williams,6489,64,49,46,6,96.5,378,185.0
Matt Stevens,1887,41,12,40,2,98.44,270,92.0
Conor Kline,1309,33,4,32,3,92.16,190,81.0
Elliott Chartock,6255,44,33,27,7,95.66,274,231.0
Ryan Drost,734,11,5,22,18,88.52,230,37.0
Mike Drost,783,11,5,20,10,98.44,277,38.0
Marques Brownlee,1005,15,5,19,12,84.62,212,45.0
Sam Feder,724,12,5,11,3,90.38,188,40.0
Solomon Rueschemeyer-Bailey,3176,23,28,11,0,97.48,266,126.0
Josue Alorro,664,7,7,8,3,97.3,162,48.0
Ryan Holmes,318,6,1,8,5,70.0,125,17.0
Nasser M'Bae Vogel,401,5,2,7,2,100.0,103,50.0
Ryan Weaver,2841,17,14,7,3,94.9,198,140.0
Kainoa Chun-Moy,706,7,3,5,2,85.19,90,65.0
Ben Katz,3072,20,16,4,8,91.84,278,100.0
Matt LaBar,138,2,2,4,2,100.0,54,38.0
Jordan Kerr,4890,52,21,42,13,92.63,280,175.0
Keenan Laurence,3546,46,12,39,8,88.54,220,151.0
Shane Earley,1771,34,7,30,5,87.84,188,94.0
Andrew Moore,2612,35,13,24,5,90.79,207,124.0
Sawyer Thompson,3156,38,12,23,6,86.11,202,134.0
Justin Norden,4616,50,33,19,2,91.72,241,182.0
Munis Thahir,1573,23,8,18,4,91.67,197,82.0
Jacob Miller,856,14,5,17,8,94.74,158,65.0
Jake Thorne,1276,15,5,16,7,94.19,135,102.0
Kevin Tien,685,13,2,16,10,86.67,148,48.0
Jace Bruner,382,8,1,13,5,100.0,41,139.0
Steven Chang,2198,20,11,13,1,95.31,156,145.0
Jackson Stearns,617,8,3,11,6,80.0,60,85.0
Chris Lung,1015,10,8,10,6,92.0,144,72.0
Brandon Fein,277,6,0,9,5,88.89,113,29.0
Matthew Crawford,984,12,8,8,2,94.34,144,72.0
Marcelo Sanchez,1262,13,8,8,4,92.0,88,140.0
Ben Levinsky,506,5,3,5,6,87.23,123,38.0
Colin Grant,606,7,7,5,3,97.06,113,61.0
Evan Magsig,393,6,2,5,3,90.2,106,38.0
Greg Martin,3466,64,14,57,5,96.53,253,163.0
Sean Mott,5302,59,33,39,3,93.71,278,195.0
James Pollard,1679,22,3,22,9,85.71,156,96.0
Mike Arcata,4002,44,14,21,3,89.3,229,157.0
Brandon Pastor,1053,17,3,18,2,98.21,146,88.0
Eric Witmer,1592,19,9,18,10,90.91,228,70.0
Paul Owens,1824,21,11,16,5,92.86,212,88.0
Colin Masino,557,6,1,14,14,89.58,197,31.0
Nate Little,582,12,3,14,9,71.43,140,30.0
Nicholas DiGiorgio,965,17,1,10,3,86.57,152,57.0
Matthew Glazer,1617,18,13,9,1,95.33,132,128.0
Scott Heyman,1555,17,13,9,4,88.54,201,70.0
Alex Thorne,2138,18,9,8,0,94.47,119,176.0
Jake Butrica,1004,13,3,6,4,89.92,132,71.0
Marc Sands,1107,12,9,6,2,89.16,76,134.0
Matt Esser,488,5,4,5,2,96.08,117,46.0
Allan Michel,493,3,8,4,4,97.67,149,38.0
Casey Thornton,655,6,5,4,0,96.92,42,168.0
Eric Nardelli,1208,12,5,4,6,88.51,209,51.0
Matt Hanna,1300,11,6,4,1,92.11,141,86.0
Max Sheppard,4934,79,16,60,7,91.48,296,170.0
CJ Colicchio,4803,73,27,58,15,88.19,297,155.0
Jimmy Towle,4291,51,24,37,5,93.36,280,157.0
Thomas Edmonds,5046,48,29,32,5,95.95,258,206.0
Anson Reppermund,1346,17,7,22,13,88.24,213,63.0
Connor Newell,2705,32,25,14,3,89.55,252,100.0
Kenny Furdella,1569,15,5,12,2,97.77,129,133.0
Myles Cooper,251,4,0,12,9,100.0,132,31.0
Steve Mogielski,485,9,3,11,4,88.89,142,37.0
Anthony Davis,484,8,1,9,6,89.66,145,35.0
Tristan Yarter,965,12,2,9,9,88.1,159,56.0
Pete Zaccardi,1413,14,9,8,8,93.52,223,64.0
Clint McSherry,249,6,1,5,0,96.43,53,59.0
Jonathan Mast,3068,17,24,4,0,96.4,192,160.0
Sam VanDusen,3074,27,10,4,10,83.41,305,76.0
Adam Burgess,837,10,9,3,4,93.33,135,63.0
Owen Watt,1252,14,5,3,3,77.19,135,61.0
Alan Gruntz,127,4,0,2,0,77.78,122,8.0
Kevin O'Brien,158,2,1,2,0,90.91,54,30.0
Thomas Hansen,86,0,1,2,2,100.0,51,23.0
Travis Dunn,5235,74,32,54,3,93.85,292,190.0
Lior Givol,3350,57,19,44,4,89.76,268,126.0
Jonathan Helton,4718,72,35,42,7,90.05,292,158.0
Nate Pettyjohn,1752,35,6,30,4,90.91,163,115.0
Hunter Corbett,1936,29,7,28,8,89.74,201,97.0
Jesse Cohen,1500,33,6,28,2,90.67,146,111.0
Steven Milardovich,1894,15,14,28,23,92.95,239,86.0
Tim Okita,2816,39,19,26,2,97.06,249,128.0
Kyle Rubin,1446,23,20,19,1,95.52,199,85.0
Jordan Queckboerner,779,11,4,18,13,85.71,141,56.0
Khalif El-Salaam,1492,25,2,17,12,86.41,195,70.0
Will Turner,1033,17,8,17,10,92.37,229,50.0
Jeffrey Silverman,334,8,1,15,7,95.0,151,33.0
Michael Tran,1561,21,12,15,8,95.59,220,79.0
Paul Lally,3322,31,34,13,4,93.47,221,150.0
Dominic Leggio,1281,8,13,11,9,96.38,246,57.0
Jonathan Nethercutt,1369,12,7,9,0,97.69,68,218.0
Maxwell Hume,427,5,2,8,9,81.08,184,20.0
Reggie Sung,512,9,1,7,1,81.25,104,40.0
Stefan Samu,384,4,2,7,3,94.12,71,61.0
Garrett Martin,1661,23,8,24,11,92.19,196,90.0
Jack Brown,2483,31,12,24,9,94.16,219,120.0
Tarik Akyuz,1743,25,6,23,6,91.21,151,118.0
Nick Mahan,944,10,6,19,11,97.5,181,65.0
Brad Houser,2601,27,6,18,3,91.06,140,175.0
Martin Le,886,17,5,18,4,94.59,81,131.0
Dominic Jacobs,618,12,4,17,8,95.24,159,51.0
Shane Worthington,1992,19,8,17,19,81.19,224,69.0
Manuel Eckert,4952,46,35,15,5,93.47,249,194.0
Jake Steen,1665,22,6,14,1,92.06,140,118.0
Aidan Lopez-Escarez,1118,15,6,13,10,71.11,146,48.0
Austin Barden,1273,18,5,12,3,85.45,133,83.0
Kenny Lane III,1244,15,7,10,2,95.04,130,101.0
Michael Brisbois,1136,16,5,10,2,89.47,172,63.0
Marc Munoz,2187,28,14,9,4,86.81,173,109.0
Chris Bubernak,330,7,3,8,4,81.82,95,33.0
Spencer Lofink,504,11,1,8,1,91.43,53,102.0
Brian Roach,584,9,1,7,2,89.29,82,69.0
Adam Simon,1455,14,8,6,2,91.78,93,148.0
David Zhou,389,7,1,6,1,95.45,82,55.0
Cameron Harris,4651,53,15,43,6,91.19,222,204.0
Mike Mackenzie,3668,51,19,39,5,89.51,223,159.0
Phil Turner,1250,23,5,36,21,86.27,188,71.0
Jonathan Edwards,1547,32,1,27,4,88.89,151,104.0
Nathan Hirst,3979,41,32,26,2,94.85,211,197.0
Andrew Carroll,2893,34,13,20,0,92.81,148,194.0
Jason Huynh,1844,26,15,20,3,92.86,178,109.0
Jacky Hau,730,12,5,16,9,90.57,140,58.0
Wilkie Lewis,1528,20,10,15,3,89.86,162,91.0
Iain Mackenzie,1353,15,9,13,5,92.13,149,92.0
Dan LaFrance,468,8,1,8,0,90.91,60,82.0
Luc Comire,2405,18,18,8,1,95.25,197,123.0
Jason Lam,521,7,6,7,6,89.33,124,43.0
Paul Mensah,59,2,1,6,5,100.0,90,16.0
James Lewis,141,2,0,5,4,88.89,67,25.0
Kevin Jay,426,6,2,5,2,90.0,136,31.0
Geoff Powell,209,4,2,4,3,90.0,43,54.0
Bryan Kuo,320,3,1,3,1,93.33,58,56.0
Eli Park,35,2,1,2,1,83.33,22,23.0
Kieran Charnock,158,1,0,2,1,100.0,57,33.0
Elijah Jaime,2208,49,17,51,5,98.92,200,150.0
Austin Taylor,5761,65,30,45,2,94.51,272,220.0
Matt Smith,2931,36,17,38,3,97.71,166,206.0
Christian Olsen,2771,31,21,28,7,96.5,204,152.0
JP Burns,1992,25,9,25,9,92.22,172,120.0
Dean Ramsey,410,7,4,24,18,94.44,152,44.0
Jeremy Langdon,1252,22,9,23,4,92.16,90,155.0
Brett Hulsmeyer,839,12,3,21,18,89.33,187,50.0
Bradley Seuntjens,2002,21,13,18,8,90.35,223,87.0
Parker Bray,2178,23,11,16,4,90.57,162,127.0
Bobby Ley,3280,34,16,15,3,92.97,167,191.0
Karl Ekwurtzel,1533,17,10,15,2,94.25,122,133.0
Justin Burnett,769,8,3,14,11,86.49,134,55.0
Max Thorne,1861,19,10,12,1,94.79,100,191.0
Trip Crowley,1174,15,3,12,4,86.54,110,95.0
Tyler Randall,845,10,13,12,6,95.79,180,56.0
Kelvin Williams,305,7,2,11,4,100.0,125,38.0
Matthew Knowles,347,8,0,9,2,94.12,98,44.0
John Stubbs,647,9,2,7,0,90.63,40,159.0
Patrick Dougherty,744,8,7,7,1,96.23,60,138.0
Kyle Henke,4924,72,20,73,12,97.49,341,171.0
Evan Swiatek,5010,80,26,71,5,95.39,304,187.0
Mark Evans,4845,67,32,45,5,91.9,284,173.0
Reese Bowman,2865,48,12,39,4,92.47,263,116.0
Joey Wylie,1992,24,11,31,12,94.12,276,80.0
Vinay Valsaraj,2185,38,13,31,1,92.31,228,103.0
Matthew Armour,2036,32,14,30,9,93.48,279,81.0
Eric Brodbeck,2233,28,13,29,7,97.38,224,116.0
Jake Reinhardt,1850,21,8,25,14,93.33,272,73.0
Jake Radack,6437,58,35,24,2,93.33,263,237.0
Mark Henke,491,11,5,19,10,87.88,155,39.0
Elliott Moore,1194,19,5,16,3,94.37,152,87.0
Oliver Fay,898,9,8,12,9,90.2,207,44.0
Eric Carter,798,13,17,11,5,91.95,148,61.0
Ethan Pollack,739,7,4,11,7,94.44,174,47.0
Jackson Potts,884,9,0,9,4,90.74,123,69.0
Mick Walter,402,4,4,8,6,93.02,112,41.0
Zach Slayton,555,8,4,8,2,97.44,65,102.0
Jacob Sames,773,6,5,6,0,100.0,86,103.0
Gavin Babbitt,392,5,5,4,1,94.74,70,62.0
Ray Tetreault,3949,52,22,37,2,93.49,270,152.0
Willie Stewart,4489,49,21,36,6,93.75,274,167.0
Benjamin Sadok,5590,52,26,31,3,95.18,274,208.0
Cole Davis-Brand,4468,50,29,28,4,91.55,207,209.0
Topher Davis,2018,28,8,25,6,91.4,150,137.0
Gustav Haflin,690,14,2,21,7,100.0,169,59.0
Anders Olsen,1289,21,8,17,2,94.62,126,114.0
Zachary Burpee,2030,28,9,17,1,87.72,136,135.0
Chris Bartoli,510,5,6,16,16,86.21,190,30.0
Tannor Johnson-Go,1867,27,14,16,2,89.63,106,170.0
Jeff Graham,808,16,12,15,2,97.65,68,155.0
Orion Cable,965,18,3,15,0,85.29,71,125.0
Brendan McCann,1524,17,5,13,11,91.01,260,57.0
Turner Allen,338,7,1,11,6,87.5,81,48.0
Cam Wariner,731,10,3,10,7,81.58,123,49.0
Hunter Lang,466,10,4,8,1,97.44,86,68.0
Cody McInnis,1042,13,10,7,2,88.89,153,64.0
Alex Donadio,293,5,4,6,6,84.38,156,19.0
Ivan Tran,161,4,1,6,2,100.0,70,36.0
Cole Moore,800,11,6,5,3,82.46,187,34.0
Alex Davis,4074,75,27,66,6,92.22,282,159.0
Henry Fisher,3971,50,20,46,2,98.07,240,192.0
Jacob Fairfax,4634,55,20,45,11,92.44,302,155.0
Terrence Mitchell,3565,46,25,41,3,95.53,217,182.0
Matt Gouchoe-Hanas,3360,32,36,32,5,98.82,256,154.0
Sol Yanuck,5372,51,28,32,2,96.07,252,223.0
Eric Taylor,3165,47,12,29,6,90.04,214,143.0
Anders Juengst,1204,25,8,24,2,96.04,75,198.0
Charlie McCutcheon,497,12,1,16,8,90.0,153,39.0
Suraj Madiraju,893,14,12,15,5,96.18,231,47.0
Elijah Long,1834,24,12,14,5,94.85,202,96.0
Grayson Sanner,1140,16,2,14,2,93.67,154,78.0
Dylan Hawkins,1190,14,9,13,3,92.86,120,104.0
Seth Weaver,364,14,3,12,2,96.97,160,34.0
Trevor Lynch,1511,19,13,12,0,92.41,84,182.0
William Coffin,912,10,2,12,6,91.67,156,60.0
Marc Rovner,306,6,3,11,5,100.0,49,97.0
Ethan Bloodworth,785,11,8,10,3,92.77,179,47.0
Justin Allen,519,9,1,10,2,93.33,105,56.0
Noah Saul,882,11,7,10,3,96.55,136,74.0
Pawel Janas,8218,99,54,71,1,94.76,351,248.0
Ross Barker,6224,87,42,68,4,93.88,366,182.0
Jeff Weis,4652,66,27,56,5,95.21,335,154.0
Jack Shanahan,3799,57,20,44,4,94.03,295,139.0
Sam Kaminsky,4302,49,31,44,2,98.33,313,159.0
Asher Lantz,825,20,1,32,15,90.0,247,42.0
Kyle Rutledge,4264,46,20,32,1,96.2,262,174.0
Eli Artemakis,1599,29,9,28,4,90.57,89,192.0
Nick Pappas,1094,20,5,24,5,98.04,155,91.0
Jason Vallee,1791,21,14,21,13,92.53,295,64.0
Jace Bruner,596,9,1,20,14,90.91,156,47.0
Paul Arters,2461,32,17,20,2,90.86,155,155.0
Cal Tornabene,1107,18,9,16,4,98.36,253,54.0
Joe White,1754,24,10,15,2,90.65,114,150.0
Nate Goff,1276,17,4,15,16,82.42,219,49.0
Dalton Smith,1190,12,9,14,7,95.31,114,116.0
Mica Glass,1054,15,5,12,4,92.65,104,106.0
Charlie Furse,574,12,4,11,1,94.87,167,41.0
Scott Hearne,606,8,5,8,5,90.74,94,67.0
John Jones,195,2,1,7,6,90.91,156,16.0
Quinn Finer,6668,89,32,84,5,97.58,321,241.0
Jay Froude,4550,63,23,59,8,94.29,269,185.0
Thomas Brewster,3384,54,10,55,4,97.84,273,150.0
Cody Spicer,2435,40,14,47,13,96.49,351,85.0
Matt Jackson,3888,58,29,42,5,95.11,307,140.0
Alex Tatum,3383,37,15,35,14,89.63,252,128.0
Alex Atkins,3031,35,19,34,9,96.23,187,181.0
Danny Landesman,3777,41,32,33,2,97.18,243,174.0
Jonathan Nethercutt,7931,72,45,32,3,92.33,313,241.0
Daniel Brunker,3148,33,25,31,9,95.04,223,153.0
Mathieu Agee,1667,26,7,28,10,90.91,206,86.0
Seth Faris,1098,16,4,24,11,91.89,193,64.0
Nicholas Snuszka,888,13,7,19,8,95.65,160,69.0
Nathan Buchholz,894,12,13,15,5,96.7,160,69.0
Sam Goldstein,837,13,4,15,6,92.06,127,73.0
Felix Pronove,851,12,7,10,2,93.22,138,66.0
Jon Morris,147,4,0,10,6,100.0,91,31.0
Matthew Bristol,531,9,5,9,5,96.77,157,42.0
Walt Johnson,344,6,0,7,3,93.75,63,63.0
Kevin Johnson,158,4,0,6,2,100.0,111,22.0
Rowan McDonnell,6350,84,38,66,7,94.59,316,216.0
Christian Boxley,3665,60,24,57,4,97.1,259,170.0
Tyler Monroe,5556,64,47,44,2,95.7,283,212.0
Steven Wartinbee,3676,49,19,41,4,95.85,251,162.0
Jonny Malks,5513,56,27,39,3,95.68,255,227.0
Jeff Wodatch,3570,45,18,35,4,94.03,240,156.0
Joe Richards,1567,40,5,34,1,91.07,151,117.0
Moussa Dia,1935,26,8,32,14,93.33,255,84.0
Jacques Nissen,4059,38,27,28,1,96.01,178,242.0
Alexandre Fall,746,17,3,23,9,88.0,220,39.0
Rhys Bergeron,664,12,4,20,10,95.35,212,42.0
AJ Merriman,1421,20,6,18,11,82.86,270,45.0
David Cranston,1044,9,9,18,12,93.75,172,69.0
Frederick Farah,333,9,1,17,8,100.0,160,36.0
Luke Rehfuss,540,9,1,16,7,100.0,125,61.0
Jeremy Knopf,2280,13,19,15,4,99.17,183,140.0
Jasper Tom,692,11,6,15,8,94.34,165,51.0
Zach Norrbom,1540,16,6,14,0,98.55,93,187.0
David Bloodgood,1068,18,10,13,6,91.78,209,55.0
David Shields,679,10,6,9,4,93.51,118,64.0
Andrew Sjogren,3920,49,20,36,4,92.67,312,128.0
Jack Havey,4367,52,25,33,3,92.31,298,146.0
Jacob Anthuvan,2563,36,9,30,3,91.96,268,98.0
Joseph Cubitt,6701,57,35,24,9,92.9,334,192.0
Chris Walsh,5293,50,21,23,4,92.21,292,171.0
Justin Winn,2217,31,8,14,2,84.48,189,97.0
David Valentine-Elam,1843,20,5,12,5,91.95,171,104.0
Jake Kenniv,2306,21,16,11,5,89.63,244,86.0
Chris Ellis,546,5,4,8,4,98.51,208,32.0
Mac Hecht,429,4,3,5,2,96.15,26,185.0
Terry Gaither,110,1,0,5,6,90.0,70,21.0
Yipeng Wang,298,4,1,5,5,86.96,123,24.0
Jonny McKoy,50,3,0,4,1,100.0,51,21.0
Bryan Walsh,6066,47,24,3,2,91.18,320,168.0
Johnny Bansfield,764,6,4,3,2,88.52,69,96.0
Jacob Yant,34,2,0,3,1,100.0,58,13.0
Kevin Anthony,979,11,5,3,3,85.57,165,49.0
Kevin van Roosmalen,251,4,2,3,2,76.47,92,20.0
Sawyer Fil,210,3,1,3,3,83.33,65,29.0
Tyler Mitchuson,118,4,0,2,1,33.33,107,2.0
Cameron Brock,4814,79,23,71,2,96.41,324,173.0
Keegan North,5518,75,25,59,8,91.59,263,211.0
Levi Jacobs,5559,74,23,53,3,90.46,296,182.0
Xavier Payne,2552,43,12,38,12,93.38,301,94.0
Jeremy Keusch,3087,36,18,35,5,98.25,275,131.0
Carter Rae,5478,49,39,30,4,94.99,253,222.0
Rick Gross,4157,43,18,29,1,94.51,285,149.0
Jacob Fella,1729,22,7,27,9,95.29,320,61.0
Fletcher Hare,1126,13,3,20,9,97.22,168,80.0
Nick Hutton,1005,12,4,20,14,90.0,178,60.0
Lucas Coniaris,5153,30,34,12,3,96.55,301,173.0
Mason Zetsch,391,9,3,12,5,95.24,107,49.0
Carter Hawkins,719,8,5,11,3,97.53,97,88.0
Dan Cunningham,474,11,5,9,1,92.86,159,35.0
Jeffrey Burris,620,7,3,9,4,86.96,109,53.0
Luke Huffman,340,8,3,8,2,97.92,158,29.0
Colin Ringwood,422,7,5,6,1,94.44,147,33.0
Adrian Golay,302,5,4,5,1,92.86,81,43.0
Ben Landry,2037,12,17,5,2,95.63,197,104.0
Seth Gudeman,532,2,3,5,5,93.1,118,46.0
Michael Kiyoi,3622,55,12,42,3,93.28,240,159.0
Sam Cook,3419,42,19,38,2,96.93,237,163.0
Everest Shapiro,2179,35,7,32,5,94.06,141,171.0
Aaron Weaver,3307,30,26,23,5,95.76,201,175.0
Marcel Osborne,3049,40,13,22,0,90.05,162,177.0
Brandon Van Deusen,5957,51,36,20,4,93.24,258,222.0
KJ Koo,1642,23,10,20,8,91.4,115,147.0
Mitchell Steiner,2087,18,13,18,10,92.61,267,79.0
Nate Ransom,1936,22,8,9,2,93.55,165,116.0
Eddie Finley,417,5,3,8,8,85.71,153,27.0
Eric Hurd,330,7,0,7,1,92.86,49,77.0
Rhys Gretsch,989,13,2,7,3,87.34,100,87.0
Garrett Santi,664,8,0,6,4,84.21,212,26.0
Andrew Padula,723,10,4,5,4,92.5,185,39.0
Jake Shoyer,520,5,3,5,1,96.67,48,119.0
Seamus Robinson,244,4,0,5,1,100.0,59,54.0
Kevin Goldberg,1258,9,8,4,3,92.92,120,100.0
Kyle Johnson,172,4,1,4,1,92.31,58,35.0
Landon Shank,751,7,7,4,2,90.91,68,105.0
Hudson Stuck,41,2,0,3,1,100.0,29,29.0
Sterling Knoche,2002,40,5,41,6,96.59,190,130.0
Kevin Pettit-Scantling,2852,39,14,33,10,92.31,242,122.0
Jack Kelly,1556,29,12,27,4,94.51,151,121.0
Luke Marks,804,15,4,25,14,94.12,177,59.0
Jake Rubin-Miller,1189,18,2,22,10,92.0,172,75.0
Matt Tucker,632,13,1,21,13,86.21,195,36.0
Thomas Coolidge,1709,22,11,20,4,94.83,132,142.0
Joshua Wilson,3798,31,27,16,2,95.38,207,187.0
Victor Luo,4607,41,26,15,3,92.72,188,233.0
Avery Johnson,1331,20,9,13,1,93.14,135,103.0
Kelsen Alexander,1437,16,11,11,2,95.71,151,102.0
Daniel Garlock,1468,13,6,10,2,94.64,132,113.0
Jack Nelson,272,5,0,10,7,86.67,123,25.0
Andrew Meshnick,1568,17,3,9,6,86.27,186,71.0
Ian McCosky,944,8,15,9,4,97.62,146,76.0
Jacob Wham,1219,15,6,9,1,88.33,159,70.0
Chase Marty,331,7,2,8,3,95.24,102,41.0
Kai DeLorenzo,2688,21,14,8,5,88.03,149,154.0
John Tan,183,4,1,6,2,100.0,49,56.0
Kai Marcus,1021,13,1,6,0,87.67,32,276.0
Quinn Snider,3305,56,15,57,9,94.56,252,151.0
Bryan Vohnoutka,4117,64,30,53,14,89.93,300,139.0
Dylan DeClerck,1627,40,7,53,19,90.32,288,69.0
Michael Jordan,2091,40,8,35,2,96.94,166,152.0
Bret Bergmeier,1643,30,10,33,9,93.1,174,109.0
Cole Jurek,3498,42,20,30,4,94.22,213,172.0
Paul Krenik,1130,26,4,26,4,98.18,157,95.0
Brandon Matis,777,14,4,25,14,93.33,220,46.0
Josh Klane,4431,44,24,24,2,92.79,239,181.0
Marty Adams,2741,28,21,23,6,94.76,231,126.0
Rocco Linehan,2038,28,9,21,6,88.24,176,108.0
Abe Coffin,3266,33,27,20,14,89.49,294,104.0
Jordan Taylor,1121,17,4,18,2,98.46,154,89.0
Colin Berry,847,12,6,14,6,93.62,95,101.0
William Brandt,1628,23,12,14,1,95.03,128,137.0
Isaac Leonard,468,7,0,11,4,100.0,94,66.0
Sam Ward,482,10,1,11,5,85.0,109,44.0
Tony Poletto,2525,23,12,11,3,95.69,187,138.0
Ian Hahn,595,6,5,10,5,100.0,134,57.0
Tristan Van de Moortele,1271,13,13,10,7,93.78,210,64.0
Malik Auger-Semmar,2933,41,13,34,8,89.86,195,148.0
Kevin Quinlan,4329,58,12,32,3,87.08,275,138.0
Nabil Chaouch,2645,39,12,26,1,90.83,215,121.0
Quentin Bonnaud,1457,26,3,25,3,95.52,109,156.0
Jakob Brissette,6422,49,43,23,8,92.2,290,209.0
Charles Asselin,2078,22,11,20,16,88.59,243,80.0
Christophe Tremblay-Joncas,889,14,8,17,8,90.74,142,69.0
Miguel Goderre,3297,29,16,17,6,95.64,268,127.0
Julien Sénéchal,1349,15,8,16,5,95.77,216,69.0
Sacha Poitte-Sokolsky,1064,14,6,15,5,95.52,64,189.0
Ywan Cohonner,385,11,1,14,7,91.67,109,46.0
Jacob Duquette,2262,26,17,12,4,90.43,206,103.0
Felix Leonard,1546,15,13,8,0,91.85,154,97.0
Hayden Stone,1448,16,12,8,0,92.59,153,93.0
Vincent Genest,696,10,2,7,4,86.05,161,38.0
Julien Bernat,773,9,4,6,0,94.44,169,47.0
Thomas Lalonde-Landry,502,9,2,6,6,76.47,180,21.0
Antoine Rousseau,1271,7,9,5,9,92.26,237,51.0
Simon Charette,301,4,3,4,1,100.0,98,39.0
Olivier Bastien,119,1,2,3,3,100.0,72,24.0
Ryan Osgar,7247,115,45,103,2,96.96,305,280.0
Ben Jagt,5027,87,23,76,11,89.37,359,142.0
Jeff Babbitt,3397,61,11,64,8,97.27,293,143.0
John Lithio,4520,64,20,57,4,95.37,273,184.0
Jack Williams,5270,59,43,48,6,95.5,270,212.0
Charles Weinberg,2937,39,23,33,5,95.91,191,173.0
Ben Katz,1840,27,15,32,16,95.85,243,91.0
Matt Stevens,862,26,3,29,4,100.0,220,59.0
Antoine Davis,1882,27,6,28,11,88.51,252,73.0
Mike Drost,629,15,8,24,10,100.0,201,50.0
Marques Brownlee,1412,19,8,21,14,83.53,252,50.0
Solomon Rueschemeyer-Bailey,3683,22,37,21,3,98.98,252,163.0
Elliott Chartock,5138,43,40,20,0,96.6,286,188.0
Ryan Drost,335,8,4,20,12,100.0,134,47.0
John Randolph,1364,18,14,18,5,95.18,132,118.0
Ethan Fortin,1114,16,10,15,4,95.73,218,59.0
Jibran Mieser,725,13,2,15,4,90.91,120,66.0
Ryan Holmes,658,9,2,15,8,95.45,170,47.0
Matt LaBar,526,8,3,12,4,100.0,92,77.0
Oliver Chartock,718,10,6,12,6,93.15,112,72.0
Chris Lung,4601,62,16,43,11,89.71,237,185.0
Keenan Laurence,3367,43,16,37,9,91.86,199,172.0
Max Williams,2700,42,16,35,3,94.49,235,127.0
Gavin May,1648,27,14,28,5,97.03,219,92.0
Justin Norden,5141,55,26,28,3,93.16,205,247.0
Evan Magsig,2991,38,21,27,6,94.89,206,156.0
Morgan Sommer,3178,34,19,22,0,93.92,251,129.0
Matthew Crawford,1915,27,11,20,2,91.97,154,127.0
Wyatt Berreman,1246,15,5,19,15,87.5,220,55.0
Benjamin Sokolowsky,2120,23,14,16,2,96.63,242,95.0
Ryan Shephard,814,11,2,15,8,93.88,153,60.0
Robin Vickers Batzdorf,1847,17,15,15,6,96.19,212,95.0
Patrick Xu,421,7,1,13,6,100.0,95,64.0
Brandon Fein,1277,11,6,10,6,91.82,180,69.0
Ashton Paulus,723,6,2,7,4,94.29,95,79.0
Thomas Page,774,9,5,6,3,88.68,156,46.0
Alex Pien,875,13,4,5,3,84.0,135,53.0
Matthew Burke,704,8,5,5,1,92.31,137,51.0
Matthew Kissmann,2278,13,22,5,0,97.17,167,142.0
Shane Earley,643,7,2,5,1,87.5,73,78.0
James Pollard,5806,82,22,62,14,87.8,285,189.0
Sean Mott,5332,79,31,56,8,93.1,305,184.0
Greg Martin,3319,62,18,49,3,90.48,254,136.0
Jordan Rhyne,5588,54,32,29,3,94.72,226,251.0
Brandon Pastor,2434,29,16,28,5,94.93,241,110.0
Max Trifillis,1102,18,4,24,11,91.84,177,71.0
Paul Owens,1163,16,11,21,13,95.1,222,63.0
Alex Thorne,3806,31,23,18,2,95.16,191,202.0
Matt Hanna,915,17,5,16,2,93.75,103,102.0
Dmitry Suvorov,1223,16,10,15,1,97.5,106,135.0
Matt Esser,544,13,0,15,3,97.92,111,66.0
Gavin Abrahamsson,519,8,2,13,7,95.83,124,53.0
Mike Campanella,807,10,2,13,8,91.3,181,47.0
Eric Witmer,1173,12,11,10,12,91.3,273,43.0
Anthony Prato,1718,17,12,9,4,95.35,207,86.0
Eric Nardelli,642,10,7,8,7,90.7,202,34.0
Mike Arcata,886,14,3,8,4,81.54,90,78.0
Austin Lillis,540,6,3,7,3,93.62,134,43.0
Dustin Damiano,2377,16,27,7,3,94.74,181,132.0
Brice Dunn,887,9,2,6,1,93.1,115,76.0
Thomas Edmonds,3901,52,14,46,7,95.92,214,202.0
Max Sheppard,4650,66,19,45,11,87.31,319,133.0
CJ Colicchio,3942,50,23,33,11,92.0,259,152.0
Jimmy Towle,2825,30,15,25,5,95.03,229,131.0
Anson Reppermund,2044,27,13,21,9,87.74,232,82.0
Connor Newell,3022,31,22,20,6,94.46,211,148.0
Pete Zaccardi,1777,21,10,19,7,94.52,196,98.0
Chris Graber,356,11,1,16,5,100.0,78,75.0
Anthony Davis,697,9,3,13,7,91.18,140,54.0
Clint McSherry,3922,32,28,13,3,93.2,178,213.0
Ian Engler,2494,15,10,8,2,96.42,117,215.0
Martin Bustamante,929,11,3,7,2,95.0,117,83.0
Ramzi Cope-Musleh,338,5,3,7,2,100.0,111,41.0
Cam Bellando,338,8,2,6,5,80.0,109,27.0
Kenny Furdella,779,12,4,6,0,93.98,85,95.0
Andrew Thompson,504,9,4,5,2,95.65,101,57.0
Charlie Vukovic,529,5,1,5,5,94.29,118,47.0
Kevin Nicholl,177,4,0,5,1,100.0,42,59.0
Matthew Montera,176,3,0,5,2,100.0,84,29.0
Steve Mogielski,727,6,6,4,5,87.76,154,42.0
Leandro Marx,7786,108,38,85,9,90.63,374,206.0
Jake Johnson,2763,43,12,26,6,89.05,311,84.0
Daniel Lee,1243,17,6,25,8,100.0,81,201.0
Brian Stout,1486,20,10,23,7,94.55,129,131.0
Eli Friedman,3800,38,27,20,2,93.24,185,203.0
Josh Moore,1206,17,8,18,5,93.33,150,88.0
Ke'ali McCarter,1194,11,2,18,17,85.0,217,49.0
Raphy Hayes,2303,27,10,17,5,86.46,114,175.0
Jack Hatchett,1189,20,3,16,6,81.63,88,112.0
Tom Doi,1088,18,2,11,1,88.89,82,125.0
Jon Snyder,1365,17,13,10,3,92.13,134,103.0
Martis Artis,316,3,1,6,5,93.75,122,29.0
Scott Radlauer,848,9,0,6,8,80.77,193,33.0
Felix Moren,750,7,2,4,2,91.89,61,116.0
Timmy Perston,499,9,1,4,0,66.67,136,19.0
Julián Bonilla,138,4,0,3,1,93.33,54,31.0
Joel Caswell,159,4,0,3,1,100.0,60,35.0
Quinn Buermeyer,1508,13,4,3,3,90.74,208,65.0
Ben Travers,93,1,1,2,1,100.0,71,18.0
Cole Eustis,295,3,2,2,2,90.48,77,37.0
Jordan Kerr,6577,121,27,98,3,92.99,324,222.0
Joe Merrill,4433,67,23,69,12,97.18,330,160.0
Chad Yorgason,3689,54,16,51,17,86.78,361,96.0
Jacob Miller,4633,41,27,37,11,95.06,327,148.0
Joel Clutton,1294,18,3,33,15,100.0,213,83.0
Sean Connole,6612,55,27,26,2,91.98,258,239.0
Kyle Weinberg,1524,18,7,23,18,85.71,200,71.0
Jensen Wells,2144,27,14,21,2,96.69,172,139.0
Tony Mounga,974,16,2,21,6,92.86,159,70.0
Brandon Jordan,2163,28,11,20,10,86.36,227,85.0
Devon Terry,1351,19,5,20,10,89.36,211,64.0
Luke Yorgason,4584,35,42,20,5,96.24,309,155.0
Jace Duennebeil,831,18,3,18,3,87.5,107,80.0
Ben Green,561,5,2,15,15,86.21,92,63.0
Ben Hoffman,615,12,3,14,2,100.0,67,125.0
Garrett Martin,1481,24,4,12,3,87.1,222,60.0
Nathan Huff,875,11,7,12,4,93.33,127,75.0
Will Selfridge,1032,15,6,12,0,98.18,66,184.0
Kevin Farrell,478,10,2,11,3,90.48,119,45.0
Porter Oyler,702,8,6,10,7,88.89,129,54.0
Sean McDougall,3850,72,19,67,10,91.76,279,151.0
Travis Dunn,5588,82,21,61,4,92.64,280,206.0
Hunter Corbett,2791,48,24,40,5,93.88,229,137.0
Jonathan Helton,3550,47,16,33,5,92.64,199,181.0
Kyle Rubin,2829,39,18,32,3,92.31,252,116.0
Paul Lally,6558,52,46,27,10,94.32,312,209.0
Jordan Queckboerner,1108,12,3,22,15,89.39,186,62.0
Tim Okita,3588,38,27,20,1,96.69,272,141.0
Steven Milardovich,1413,19,8,18,9,91.94,192,77.0
Trevor Purdy,717,9,5,18,11,93.75,138,63.0
Jesse Cohen,1246,20,7,17,1,95.31,110,128.0
Michael Tran,1131,12,7,14,10,93.96,202,61.0
Stefan Samu,654,9,4,13,8,91.43,111,65.0
Reggie Sung,466,7,1,9,6,73.91,135,25.0
Chris Mazur,1120,13,10,7,3,90.68,121,89.0
Bryce Lozinski,1393,13,8,6,4,91.85,233,57.0
Jeffrey Silverman,120,2,1,6,5,93.33,92,20.0
Tyler Bacon,949,10,7,5,9,87.5,174,49.0
Collin Gall,227,7,0,4,0,81.82,50,40.0
Elliot Warner,1120,6,10,4,4,93.62,156,70.0
Drew Swanson,1157,17,4,22,10,87.5,134,86.0
Tarik Akyuz,3288,32,13,22,13,89.39,229,131.0
Jack Brown,2128,28,7,21,2,89.66,143,142.0
Declan Miller,3516,35,17,20,5,90.24,147,221.0
Spencer Lofink,1820,28,3,20,6,89.23,148,118.0
Zeppelin Raunig,1651,25,7,20,5,95.24,163,113.0
Adam Simon,2531,25,11,19,2,94.15,95,271.0
Ryan Shigley,1639,19,7,16,7,93.98,160,107.0
Aidan Lopez-Escarez,535,7,2,15,15,85.0,179,31.0
Kenny Lane III,3011,25,25,15,0,96.87,210,152.0
Noah Coolman,1102,16,4,15,9,85.71,111,91.0
Jamie Kauffman,592,11,5,14,7,90.48,149,46.0
Shane Worthington,978,9,5,13,11,85.71,172,51.0
Chris Roach,1457,23,7,12,5,71.43,218,41.0
Peter Geertz-Larson,1371,21,6,11,2,86.79,166,74.0
Matthew Rehder,812,11,1,10,4,88.89,42,185.0
Jeff Zhao,2386,18,19,9,7,93.91,175,135.0
Leander Ramirez,1349,13,9,9,1,93.33,85,159.0
Marc Munoz,2487,21,20,9,5,90.42,208,110.0
Dennis Casio,1852,12,12,8,2,95.67,124,152.0
James Lewis,5237,74,17,64,11,92.17,312,173.0
Ryan Poloz,4131,59,22,41,2,95.08,215,208.0
Oscar Stonehouse,3136,43,8,39,3,94.34,234,144.0
Phil Turner,2463,27,14,38,24,89.39,292,85.0
Wilkie Lewis,2765,37,19,28,6,90.68,272,101.0
Keith McRae,2202,30,14,25,2,94.44,191,125.0
Zachary Armstrong,754,12,3,20,13,85.71,222,35.0
Luc Comire,6434,42,39,14,3,93.78,301,204.0
David Petsinis,828,11,6,10,3,93.1,147,60.0
Eli Park,2878,22,17,10,9,88.76,262,96.0
Kelvin Huang,612,14,1,10,1,75.0,117,38.0
Kevin Jay,1360,15,4,9,1,92.16,171,77.0
Chris Chan,1105,7,8,7,3,97.39,214,56.0
Jared Canfield,230,5,0,6,1,100.0,80,40.0
Travis Puckrin,580,8,3,5,5,84.62,116,43.0
Adam O'Donnell,2864,19,16,4,1,94.97,236,118.0
Cameron Knox,113,3,0,4,1,100.0,57,30.0
Jared Morrow,76,1,1,3,5,77.78,105,7.0
Rui Carvalho,355,4,2,3,0,94.74,48,78.0
Adam Turcotte,2640,18,16,1,7,89.27,203,111.0
Brett Hulsmeyer,5232,57,21,53,18,94.08,306,179.0
Matt Smith,3383,54,12,53,0,97.52,187,216.0
Dean Ramsey,1733,32,6,43,13,93.02,243,85.0
Justin Burnett,960,18,4,32,21,89.8,191,61.0
Austin Taylor,5358,53,38,31,0,95.15,267,208.0
Bobby Ley,4688,48,25,28,3,94.85,259,186.0
Liam Haberfield,2438,31,13,28,3,97.01,144,192.0
Christian Olsen,3634,35,31,26,3,97.51,228,176.0
Max Thorne,2296,28,16,26,1,98.84,131,207.0
Jeremy Langdon,1758,26,9,24,7,93.64,170,113.0
JP Burns,1512,29,11,23,4,90.0,251,63.0
Lukas McClamrock,843,18,12,16,5,90.91,81,119.0
Trip Crowley,661,15,2,14,2,85.19,76,85.0
Bradley Seuntjens,462,6,6,13,9,94.23,186,32.0
Jakeem Polk,555,12,0,12,6,84.21,183,29.0
Kennith Taylor,692,9,5,12,6,96.36,111,75.0
Tanner Robinson,376,11,3,10,5,85.37,94,43.0
Bradley Fleming,287,7,1,9,3,96.55,104,38.0
Mischa Freystaetter,1167,10,5,9,3,94.12,85,140.0
Tyler Randall,360,7,6,9,3,97.5,106,47.0
Evan Swiatek,6065,86,28,77,9,93.75,346,189.0
Joey Wylie,2750,37,17,45,18,95.12,323,98.0
Kyle Henke,5741,64,31,40,9,91.24,353,157.0
Mark Evans,5939,60,28,35,8,90.72,314,177.0
Duncan Fitzgerald,5154,61,31,31,8,92.8,315,163.0
Mark Henke,1112,25,10,31,8,98.25,216,72.0
Reese Bowman,1939,30,5,28,8,91.94,255,80.0
Eric Brodbeck,1917,28,11,27,9,92.14,222,92.0
Elliott Moore,1720,29,7,22,7,90.0,200,87.0
Noah Chambers,2115,25,8,21,1,93.33,234,93.0
Oliver Fay,1148,18,9,21,9,90.0,231,53.0
Matthew Armour,2050,27,12,20,9,90.07,238,84.0
Jackson Potts,1560,21,6,18,9,89.57,227,67.0
Mick Walter,905,12,9,17,10,93.22,191,55.0
Joshua Zdrodowski,593,14,1,16,5,86.96,120,53.0
Brandon Dial,467,10,2,15,6,97.22,131,50.0
Michael Matthis,1039,16,6,12,2,93.94,145,78.0
Shane Worthington,367,8,2,8,3,86.96,87,44.0
Eric Carter,671,7,6,7,3,97.59,119,65.0
Chris Cassella,366,7,0,5,2,83.72,52,61.0
Simon Carapella,2971,45,12,36,4,92.25,209,148.0
Ray Tetreault,3013,41,15,33,3,95.24,198,166.0
Rocco Linehan,2097,29,10,25,12,90.07,206,101.0
Tanner Halkyard,2937,38,12,25,5,86.4,201,128.0
Topher Davis,1313,22,5,21,4,94.25,140,106.0
Orion Cable,1470,27,5,20,3,86.79,106,131.0
Chris Bartoli,578,12,3,19,10,92.59,167,45.0
Gustav Haflin,738,7,6,15,10,95.45,194,46.0
Benjamin Sadok,4022,29,14,14,3,94.99,175,226.0
Tyler Chan,2113,19,12,14,7,91.34,147,138.0
Colin Sunde,2231,19,13,12,1,95.88,146,158.0
Phillip Joyce,349,10,1,12,11,73.08,146,20.0
Brendan McCann,879,15,5,11,5,88.52,140,62.0
Cole Davis-Brand,3682,28,27,11,3,93.17,191,185.0
Jac Carreiro,427,7,1,11,5,93.75,64,81.0
Stewart Kelley,259,7,0,11,5,71.43,97,22.0
Gabe Colton,471,8,2,9,3,91.3,108,48.0
Jay Clark,1350,13,5,9,1,93.75,84,160.0
Nathanial Dick,747,8,11,6,2,94.94,111,74.0
Oscar Graff,248,6,2,6,4,73.91,98,20.0
Jacob Fairfax,4586,45,15,44,10,95.26,273,178.0
Trevor Lynch,4210,43,24,31,7,93.38,267,159.0
Suraj Madiraju,1966,33,16,30,6,94.74,254,89.0
Joe White,2408,34,9,26,1,92.72,95,261.0
Anders Juengst,3193,41,16,23,1,94.35,254,130.0
Terrence Mitchell,1324,21,4,23,10,90.0,207,67.0
Alex Davis,1699,23,13,22,6,95.18,136,141.0
Sol Yanuck,4428,48,17,21,2,92.92,240,179.0
Tobias Brooks,1689,22,9,19,1,95.06,158,116.0
Elijah Long,4164,37,40,17,4,95.28,243,177.0
Liam Searles Bohs,1598,17,10,17,2,97.96,82,223.0
Ty Naquin,525,11,2,14,3,100.0,111,66.0
Matthew Mcknight,1474,19,4,13,1,96.06,105,151.0
Matt Tucker,351,7,1,13,7,100.0,150,36.0
Ethan Bloodworth,1036,14,9,12,3,92.31,168,65.0
Connor Russell,1064,13,2,10,5,85.19,182,50.0
Matt Gouchoe-Hanas,1401,13,14,10,1,98.13,120,131.0
William Coffin,825,14,1,10,1,84.85,191,38.0
Andrew McKelvey,512,10,2,9,4,75.0,122,31.0
Kevin Pignone,1149,13,6,9,0,94.92,115,105.0
Andrew Sjogren,4749,56,28,47,4,95.67,248,208.0
Jake Steslicki,1890,33,16,30,10,94.89,226,98.0
Jack Shanahan,3880,47,15,29,7,90.32,225,163.0
Jace Bruner,873,16,7,26,15,94.38,217,53.0
Benjamin Preiss,2902,39,8,25,4,91.75,217,132.0
Jesse Johnson,1441,23,6,24,6,97.0,181,96.0
Didzis Malderis,808,17,3,19,6,91.8,170,55.0
Asher Lantz,523,7,3,15,11,94.59,161,42.0
Nico Lake,2647,24,7,15,2,96.19,174,157.0
Ross Barker,2160,22,10,15,5,90.85,129,159.0
Charlie Furse,416,7,3,10,4,93.62,95,53.0
Nick Pappas,783,11,2,10,5,89.58,122,63.0
Jerry Kelly,273,5,3,9,5,98.04,87,46.0
Luke Brennan,1072,13,4,9,7,88.42,129,77.0
Dex Dremann,1187,15,9,8,7,91.79,150,79.0
Axel Agami,417,7,3,6,2,92.31,47,96.0
Paul Arters,2378,24,12,5,1,91.23,152,143.0
Wyatt Mekler,1501,12,9,5,3,94.9,119,126.0
Christian Johnson,1166,11,4,4,2,84.13,80,114.0
John Jones,155,2,1,4,2,92.86,72,26.0
Quinn Finer,5961,64,35,47,3,95.05,299,210.0
Jay Froude,3671,44,23,39,10,94.78,267,149.0
Alex Atkins,5164,51,22,38,8,95.02,220,243.0
Noah Coolman,1718,28,6,32,12,92.66,178,108.0
Cody Spicer,2167,32,21,31,11,95.04,247,101.0
Matt Jackson,2955,37,25,30,3,95.78,255,129.0
Jonathan Nethercutt,3206,40,12,19,3,91.21,138,221.0
Seth Faris,795,15,4,19,7,94.23,147,66.0
Alex Tatum,1870,22,6,18,4,92.91,145,131.0
Calvin Stoughton,1463,21,5,17,1,93.98,98,159.0
Justin Abel,1335,20,8,17,6,93.08,198,73.0
Sam Goldstein,3156,29,20,17,0,97.22,221,153.0
Thomas Brewster,1058,19,4,17,3,94.74,141,86.0
Tyler Nguyen,653,12,4,17,7,94.44,165,50.0
Saeed Semrin,780,10,6,16,12,84.09,104,71.0
Mathieu Agee,1197,17,7,15,5,87.18,129,87.0
Sandy Brown,453,7,2,15,10,96.08,90,69.0
Connor Olson,1757,19,10,12,3,96.38,179,105.0
Nicholas Snuszka,406,5,1,11,7,95.83,151,34.0
Kai Marshall,695,10,4,9,4,92.5,97,76.0
Tyler Monroe,4078,57,25,47,0,96.06,229,200.0
Benjamin Oort,2897,47,16,41,2,95.83,174,191.0
Christian Boxley,3680,50,36,41,2,96.07,232,180.0
Jonny Malks,6321,62,28,41,6,95.22,258,253.0
Thomas Edmonds,2628,35,12,37,7,98.14,229,137.0
Jeff Wodatch,2762,33,8,33,2,98.25,183,174.0
Alexandre Fall,1020,25,3,29,7,97.14,197,70.0
Andrew Roy,4812,31,29,24,2,98.26,237,218.0
Moussa Dia,719,15,4,24,12,93.62,201,47.0
Joe Merrill,680,12,4,23,12,96.43,140,68.0
Kevin Healey,1798,24,6,22,3,93.98,138,139.0
Cole Jurek,2750,27,9,21,1,98.4,156,195.0
Jasper Tom,1055,16,5,20,11,90.28,143,79.0
AJ Merriman,972,12,4,19,17,84.21,194,47.0
Rhys Bergeron,673,12,5,14,7,89.29,178,41.0
Jacques Nissen,2343,18,16,12,2,96.67,127,194.0
David Cranston,519,8,6,11,6,96.91,174,39.0
Charlie McCutcheon,355,8,3,10,2,100.0,162,32.0
Luke Rehfuss,479,4,2,8,6,93.33,144,37.0
Troy Holland,778,6,5,7,5,94.67,171,48.0
Jake Kenniv,4645,57,20,40,11,92.8,276,170.0
Carson Chamberlain,3304,43,14,35,7,94.05,269,130.0
Malachi Neil,452,6,1,16,12,96.0,147,42.0
Daniel Robinson,2184,21,11,15,3,95.8,167,137.0
Nicholas Betsch,4473,37,21,15,7,91.59,267,155.0
Jack Havey,4303,37,20,11,1,92.56,243,166.0
Terry Gaither,359,5,0,10,7,84.21,178,20.0
Trevor Polisuk-Balfour,410,9,2,10,2,89.47,71,64.0
Brendan Gessner,464,8,3,9,1,100.0,69,89.0
Dylan Hall,737,13,1,8,5,84.62,152,42.0
Robby Davenport,1982,16,7,6,4,94.3,180,107.0
Joseph Cubitt,4874,41,25,5,3,94.04,285,163.0
Matt Gubernick,180,3,0,4,2,75.0,62,22.0
Riley Ulmer,189,3,0,4,1,83.33,41,42.0
Colin Beauregard,502,4,1,3,5,82.35,196,20.0
Caleb Stanish,121,2,0,3,2,100.0,55,30.0
Blake Krapfl,183,2,0,2,0,80.0,23,59.0
Chris Walsh,682,7,2,1,1,88.31,44,131.0
Nathan Ploeger,665,8,2,1,3,70.97,132,28.0
Aaron Schwieterman,92,1,0,0,0,90.91,12,67.0
Ben Lewis,3042,46,9,38,9,92.07,238,132.0
Mark Baldauf,2671,26,13,18,12,92.52,225,117.0
Jordan Salazar,1283,15,4,14,5,90.79,133,95.0
Jimmy Zuraw,2586,23,19,14,11,92.0,218,115.0
Caleb Dixon,1150,10,4,13,6,92.31,86,135.0
Elliot Sakach,1029,12,4,12,7,89.55,140,71.0
Kevin Land,1123,16,4,11,2,95.24,133,91.0
Noah Powell,888,10,4,11,3,97.06,111,91.0
Zachary Cotter,1004,12,5,11,6,89.29,125,77.0
Cam Albin,735,9,2,8,0,100.0,64,136.0
Max Grove,982,9,6,8,4,93.42,138,73.0
Brendan Adams,2733,27,11,7,4,89.22,210,114.0
Frankie Gomez,543,10,2,7,3,81.82,68,67.0
Xavier Fuzat,773,10,8,7,1,97.67,68,131.0
Dane Bossert,586,9,5,6,5,86.49,123,44.0
John Clyde,2313,28,12,6,5,86.03,133,144.0
James Kloss,443,6,2,4,1,89.29,61,69.0
Jake Worthington,549,4,2,4,2,93.94,55,100.0
Martin Cruz,431,7,1,4,0,92.86,30,147.0
Owen Smith,334,6,1,4,1,80.0,80,33.0
Cameron Brock,4204,55,20,45,1,95.19,266,171.0
Levi Jacobs,4289,50,17,42,2,94.26,247,182.0
Keegan North,3913,56,27,40,5,95.13,249,172.0
Rick Gross,4494,45,25,40,5,97.19,256,194.0
Travis Carpenter,4243,46,30,33,3,96.89,246,189.0
William Wettengel,953,13,6,28,22,87.72,205,52.0
Seth Gudeman,937,15,4,26,15,96.15,222,55.0
Jeremy Keusch,3028,39,12,24,4,94.76,238,133.0
Xavier Payne,4139,40,26,22,3,94.95,250,169.0
Nick Hutton,735,18,4,21,15,89.38,196,45.0
Carter Rae,1723,24,11,20,3,94.9,119,159.0
Conner Henderson,1145,20,10,18,4,93.75,154,85.0
Fletcher Hare,604,11,2,15,7,92.0,170,42.0
Jeremiah Branson,1672,19,11,14,3,95.12,154,116.0
Lucas Coniaris,1664,20,8,14,0,95.57,143,124.0
Jacob Fella,967,13,9,13,7,90.91,205,49.0
Ben Close,750,10,3,12,4,96.55,201,44.0
Jeffrey Burris,442,9,2,9,1,95.83,82,66.0
Will Quigley,309,5,2,9,4,100.0,108,41.0
Joey Cari,472,6,4,8,2,97.59,101,57.0
Sean McDougall,5307,92,25,87,13,93.65,339,176.0
Pawel Janas,8092,80,43,51,4,96.3,319,268.0
Lukas Ambrose,1629,27,10,47,24,97.75,337,66.0
Brandon Van Deusen,6548,55,40,40,7,96.05,286,240.0
Everest Shapiro,4734,46,24,35,12,91.56,321,143.0
Sam Cook,3344,36,22,31,4,95.85,288,126.0
Marcel Osborne,3759,44,20,24,1,91.67,224,162.0
Michael Kiyoi,2756,37,11,23,0,94.23,254,113.0
Daniel Brunker,1866,22,10,15,4,91.45,166,110.0
Landon Shank,557,13,5,14,4,95.59,146,50.0
Mitchell Steiner,1944,16,12,14,13,89.47,266,68.0
Kevin Tien,355,9,1,13,6,88.24,85,50.0
Andrew Padula,518,5,6,12,13,91.07,177,34.0
Zac Schakner,730,10,3,11,4,93.18,162,49.0
Milan Ravenell,500,9,2,9,2,91.3,142,38.0
Rhys Gretsch,653,12,5,8,3,85.45,77,78.0
Calvin Brown,655,9,3,6,4,80.0,78,64.0
Eddie Finley,268,3,1,5,4,94.74,130,24.0
Matt Miller,640,6,3,5,4,94.12,136,49.0
Garrett Santi,729,6,4,4,1,98.33,172,46.0
Anthony Gutowsky,1892,46,3,41,2,90.48,202,103.0
Kelsen Alexander,2095,30,18,27,6,95.38,173,138.0
Luke Marks,1125,21,4,27,9,94.81,211,66.0
Jake Carrico,717,16,4,23,10,95.16,106,92.0
Joe Leibforth,546,15,4,23,8,100.0,174,51.0
Avery Johnson,1671,25,11,21,1,98.33,133,150.0
Sam Stark,1144,18,8,21,4,98.39,133,109.0
Jacob Wham,1005,16,3,19,6,94.44,139,84.0
Andrew Meshnick,683,12,4,17,10,90.2,183,43.0
Jack Kelly,1679,26,10,16,1,92.91,136,128.0
Joshua Wilson,2060,23,20,15,5,94.07,214,101.0
Nico Ranabhat,505,11,1,13,5,92.59,123,49.0
Sterling Knoche,505,9,1,12,5,96.0,73,87.0
Victor Luo,3983,30,14,10,4,94.32,198,194.0
Alex Gravatt,149,7,1,9,3,83.33,92,22.0
Henry Goldenberg,3941,33,13,9,4,94.42,177,215.0
Ted Schewe,3547,28,11,9,1,93.09,205,162.0
Daniel Garlock,2424,18,15,8,4,92.76,162,142.0
Kai DeLorenzo,2355,21,20,6,13,84.92,255,75.0
Noah Nicol,143,3,0,6,3,100.0,46,49.0
Dylan DeClerck,1834,35,3,51,18,93.33,260,86.0
Bryan Vohnoutka,4228,56,27,46,6,94.63,279,164.0
Quinn Snider,2065,36,8,36,3,96.67,144,172.0
Bret Bergmeier,2058,31,16,32,10,92.42,220,102.0
Paul Krenik,744,17,3,27,11,97.5,127,85.0
Tanner Barcus,1283,15,12,27,16,97.87,236,70.0
Tristan Van de Moortele,2806,34,20,26,6,96.63,261,120.0
Jordan Taylor,2865,35,12,24,4,91.23,207,135.0
William Brandt,2602,34,12,23,4,95.02,153,181.0
Colin Berry,3124,39,8,22,4,88.76,210,135.0
Brandon Matis,848,11,2,14,7,88.57,180,47.0
James Kittlesen,390,5,3,14,10,100.0,165,36.0
Marty Adams,1723,16,13,13,6,90.7,184,90.0
Marco Dregni,1490,20,12,13,3,92.44,144,106.0
Abe Coffin,2076,23,12,12,2,91.62,128,156.0
Ian McCosky,303,8,4,12,6,94.23,73,61.0
Michael Jordan,1683,13,10,12,4,92.11,152,108.0
Mickey Walsh,610,14,5,12,4,88.37,126,52.0
Jason Tschida,1252,11,6,9,2,98.13,90,153.0
Cameron Lacy,464,5,3,8,7,91.3,128,39.0
Philippe Le Bourdais,1837,34,8,31,3,93.85,174,120.0
Malik Auger-Semmar,3231,42,8,28,7,90.36,170,181.0
Kevin Quinlan,4736,52,12,26,1,93.64,252,185.0
Christophe Tremblay-Joncas,3238,30,13,24,14,87.5,266,107.0
Thomas Lalonde-Landry,649,9,5,18,13,93.59,177,46.0
William St-Pierre,1581,25,5,18,1,89.66,119,129.0
Antoine Dubé,607,13,2,14,5,92.86,176,41.0
Eliott Heloir,593,5,2,7,4,93.18,51,121.0
Melvyn Brichet,1650,14,13,6,5,88.79,152,96.0
Raphaël Lalonde-Landry,220,4,0,5,1,100.0,30,98.0
Jacob Duquette,503,8,3,4,2,90.57,67,74.0
Simon Walker,940,6,0,4,1,94.92,86,106.0
Julien Sénéchal,661,4,6,3,3,88.89,62,95.0
Sam Warrick,718,4,1,3,1,95.24,118,60.0
Devon Asemota,75,2,1,2,1,83.33,42,19.0
Tynan Peterson,151,1,1,2,1,100.0,44,42.0
Desmond Staples,475,4,0,1,1,91.3,82,52.0
Julien Bernat,183,2,0,1,0,100.0,46,44.0
Max Ayad,306,5,2,1,0,86.36,81,32.0
Nabil Chaouch,492,5,4,1,2,88.89,35,125.0
Ryan Osgar,6217,95,31,80,2,95.94,243,290.0
Jeff Babbitt,3053,62,15,73,15,97.37,242,165.0
Ben Jagt,3634,50,18,53,17,89.29,263,138.0
Jack Williams,5091,62,31,41,3,94.56,276,194.0
John Randolph,2037,32,15,40,16,93.57,203,117.0
John Lithio,3547,37,16,27,3,95.6,249,150.0
Oliver Chartock,2759,32,17,26,7,95.09,216,137.0
Antoine Davis,705,11,1,25,16,97.44,218,46.0
Elliott Chartock,4087,39,25,25,1,96.91,221,198.0
Ryan Drost,519,8,2,24,19,93.88,159,47.0
Ben Katz,1429,27,20,22,11,90.96,205,77.0
Bretton Tan,444,11,1,18,9,92.31,128,47.0
Charles Weinberg,3092,28,25,18,5,94.51,205,155.0
Jeff Holm,906,12,4,14,6,95.83,141,74.0
Josue Alorro,952,13,8,13,5,94.12,129,82.0
Mike Drost,582,10,3,13,7,91.49,138,48.0
Marques Brownlee,1485,17,10,12,7,84.62,211,60.0
Solomon Rueschemeyer-Bailey,3851,19,24,11,4,97.39,244,163.0
Matt LaBar,405,9,0,9,3,87.5,80,52.0
Ethan Fortin,1044,13,8,8,3,94.67,177,63.0
Walker Frankenberg,4758,65,29,57,2,95.72,270,197.0
Keenan Laurence,4368,59,13,55,8,93.08,281,163.0
Gavin May,1470,24,5,30,10,91.43,182,89.0
Chris Lung,4718,43,19,28,7,92.65,234,195.0
Max Williams,2064,32,14,27,3,95.56,262,90.0
Evan Magsig,4115,42,28,23,5,94.1,272,153.0
Mac Hecht,6115,52,40,23,4,92.45,243,240.0
Wyatt Berreman,770,15,5,23,9,100.0,214,52.0
Raekwon Adkins,1270,26,3,18,6,85.14,172,68.0
Dexter Clyburn,3480,36,17,16,6,91.0,195,166.0
Robin Vickers Batzdorf,671,11,10,14,10,93.22,196,42.0
Dylan Nice,693,13,6,13,5,91.67,130,60.0
Brandon Fein,520,8,7,12,6,95.52,153,44.0
Conor Bauman,612,15,4,11,5,89.9,159,42.0
Matthew Burke,515,9,4,10,4,98.0,165,40.0
Ray Mendoza,461,6,3,9,9,86.49,163,28.0
Matt Barcellos,536,8,2,8,2,95.74,59,104.0
Kushal Khangaonkar,367,9,3,7,2,86.49,64,59.0
Dylan Burns,413,7,1,6,1,87.5,42,94.0
Munis Thahir,366,4,0,5,2,96.43,66,62.0
Greg Martin,2832,49,16,47,8,95.45,219,152.0
James Pollard,4946,66,12,46,7,87.32,260,170.0
Max Trifillis,1409,24,5,38,14,98.61,230,83.0
Sean Mott,5184,51,30,31,2,96.01,276,197.0
Eric Witmer,1347,20,6,26,14,92.23,240,63.0
Paul Owens,1091,19,11,24,16,95.57,254,55.0
CJ Colicchio,2114,26,13,22,3,96.46,136,174.0
Matt Hanna,845,17,7,21,10,89.83,150,65.0
Dmitry Suvorov,1251,16,8,14,2,98.18,132,111.0
Eric Nardelli,522,13,2,14,1,98.08,141,50.0
Calvin Trisolini,4441,38,24,12,3,93.88,225,191.0
Kainoa Chun-Moy,1314,16,10,12,5,93.8,156,89.0
Brandon Pastor,727,10,5,10,2,95.24,114,72.0
Mike Campanella,568,7,10,8,5,96.09,154,45.0
Gavin Abrahamsson,450,6,4,7,2,96.67,84,64.0
Justin Keller,646,9,5,6,3,94.4,160,44.0
Nate Little,189,4,1,6,4,88.24,81,27.0
Andres Rodriguez,320,6,2,5,2,92.86,44,81.0
Alex Thorne,2878,17,12,5,1,95.2,208,134.0
Jordan Rhyne,3580,25,21,3,5,91.91,221,147.0
Max Sheppard,5809,91,22,67,6,90.48,287,201.0
Carl Johnson,3214,59,11,60,10,91.74,261,135.0
Jimmy Towle,3489,39,21,29,2,96.75,219,175.0
Charlie Vukovic,1091,14,3,20,11,91.11,153,76.0
Jonathan Mast,5134,36,40,20,3,95.66,254,206.0
Mikey O'Brien,1794,22,11,20,10,86.05,160,101.0
Kenny Furdella,1371,17,12,17,2,98.48,153,107.0
Steve Mogielski,865,11,6,17,14,87.8,177,50.0
Anson Reppermund,3325,29,15,16,5,92.47,242,131.0
Clint McSherry,2745,27,15,15,3,93.33,127,213.0
Noah Celuch,2643,22,13,12,6,95.48,231,117.0
Chris Graber,515,9,2,11,4,93.75,93,65.0
Pete Zaccardi,1307,11,6,9,8,90.27,183,67.0
Alex Thomas,286,7,2,8,1,100.0,72,57.0
Jacob Anthuvan,616,8,2,8,4,91.3,111,57.0
Ryan Kindell,353,8,1,7,5,80.0,70,44.0
Thomas Hansen,274,4,1,6,2,100.0,99,37.0
Andrew Thompson,327,8,3,5,2,89.09,88,39.0
Dylan Best,252,6,1,5,0,94.44,19,158.0
John McMonigal,300,5,1,4,2,96.15,98,35.0
Quinn Buermeyer,2477,39,7,20,4,88.46,266,86.0
Raphy Hayes,2901,28,11,20,6,91.41,120,231.0
Nate Knutson,487,11,4,19,9,93.33,171,39.0
Genichi Nakano,1335,15,0,17,13,89.06,211,61.0
Scott Radlauer,1036,11,3,15,11,88.1,177,56.0
Aaron Peterschmidt,1040,14,4,14,3,97.01,111,108.0
Conner Stillwell,2227,19,13,12,4,90.63,161,128.0
Brian Stout,582,6,0,10,6,96.67,90,75.0
Jake Johnson,5102,39,12,10,6,93.17,289,164.0
Josh Moore,1091,12,8,10,3,96.05,124,97.0
Antonio Rueda,1206,12,8,8,7,92.99,184,66.0
Leandro Marx,855,15,6,8,0,90.32,48,177.0
Avi Taylor,341,4,3,6,3,91.67,56,67.0
Austin Kelly,1934,14,10,5,1,91.67,106,167.0
Eli Friedman,761,7,2,5,1,95.12,25,311.0
Tom Doi,525,9,4,5,0,85.19,36,129.0
Joel Caswell,219,3,0,4,1,90.91,58,39.0
Jon Snyder,2687,19,16,4,0,94.3,145,178.0
Landon Lavoie,560,7,2,4,7,83.58,84,55.0
Cole Eustis,526,4,1,3,3,94.0,92,57.0
Jordan Kerr,5880,103,25,100,9,94.96,327,208.0
Jace Duennebeil,3972,71,16,61,3,94.29,254,176.0
Jacob Miller,6213,53,43,41,2,97.69,312,217.0
Chad Yorgason,2240,38,9,38,9,93.66,295,86.0
Elijah Jaime,2896,41,12,38,4,95.77,230,142.0
Sean Connole,7054,58,27,35,1,94.53,291,240.0
Jonny Hoffman,1265,24,10,34,16,89.71,261,56.0
Will Selfridge,3420,39,21,33,8,95.47,306,121.0
Kyle Weinberg,1591,21,8,31,18,93.5,277,66.0
McKay Yorgason,3067,28,26,25,8,97.68,258,133.0
Tony Mounga,1274,18,1,25,13,90.16,162,83.0
Grant Lindsley,4253,37,15,23,1,95.81,243,179.0
Devon Terry,826,14,2,22,9,97.37,168,65.0
Everett Saunders,1054,15,3,18,9,91.18,106,106.0
Ben Hoffman,442,9,3,12,4,96.15,66,89.0
Braden Eberhard,856,9,10,11,5,97.0,113,89.0
Nathan Huff,539,8,7,11,4,98.55,195,37.0
Ben Ashton,1021,9,5,10,6,88.89,173,55.0
Eugene L'Heureux,1765,17,13,6,7,89.41,219,73.0
Joel Clutton,387,3,2,6,6,85.71,88,41.0
Travis Dunn,5321,71,22,49,3,93.2,242,226.0
Stefan Samu,3173,38,20,36,9,93.66,215,157.0
Max Gibson,5192,54,16,32,1,88.18,235,194.0
Jordan Queckboerner,1204,15,6,25,17,92.66,181,76.0
Casey Wu,1555,28,6,22,1,90.67,120,133.0
Paul Lally,4802,38,26,22,4,94.42,206,232.0
Bryce Lozinski,2489,28,13,19,1,95.31,253,104.0
Steven Milardovich,2900,28,11,19,4,91.67,159,174.0
Jeffrey Silverman,436,5,2,15,11,95.65,164,36.0
Michael Tran,2257,23,18,14,6,94.48,176,133.0
Thomas Konogeris,552,13,3,12,2,84.21,102,53.0
Garrett Hable,611,9,2,11,5,91.11,128,51.0
Caden Sigerud,820,8,4,10,5,98.33,187,51.0
Jimmy McGuinness,270,3,2,9,9,86.36,95,32.0
Kyle Rubin,1992,20,14,9,3,89.05,179,100.0
Ethan Li,860,8,7,6,2,94.23,147,60.0
Collin Gall,966,9,5,5,1,96.84,117,87.0
Reggie Sung,355,7,2,5,4,81.48,119,26.0
Trevor Purdy,352,5,1,5,4,78.95,111,25.0
Ben Levinsky,472,6,1,3,2,87.18,156,26.0
Garrett Martin,6586,85,31,59,4,91.73,293,223.0
Zeppelin Raunig,4308,47,17,45,5,96.55,219,217.0
Khalif El-Salaam,3378,44,19,42,7,95.19,193,194.0
Jack Brown,2392,34,12,22,4,85.15,157,132.0
Jamie Kauffman,1052,17,5,21,7,92.11,179,66.0
Spencer Lofink,1422,23,5,21,7,90.35,147,99.0
Dominic Jacobs,916,17,3,20,9,92.31,210,50.0
Marc Munoz,3593,33,14,16,1,93.62,163,215.0
Parker Howard,2005,24,6,16,5,91.67,170,115.0
Chris Roach,1027,18,1,14,11,73.08,171,40.0
Peter Geertz-Larson,936,11,4,14,4,91.89,180,54.0
Emmet Shipway,900,14,10,13,1,93.44,168,60.0
Tarik Akyuz,1100,12,5,13,5,90.48,155,70.0
Brandon Li,418,6,3,10,6,86.96,136,32.0
Kenny Lane III,2570,21,19,8,1,94.58,244,105.0
Jake Shoyer,755,9,2,7,1,93.48,66,117.0
Louie Bertoncin,514,4,1,6,4,97.87,111,53.0
Kota Sugahara,960,5,10,5,6,95.58,122,82.0
Kamal Raslan,852,5,7,4,3,94.51,97,88.0
Nate Wipfler,493,7,0,4,5,81.25,126,30.0
James Lewis,5348,59,22,55,13,92.96,278,197.0
Ty Barbieri,4364,63,12,51,4,88.83,212,196.0
Mike Mackenzie,3107,38,17,27,13,83.97,241,108.0
Keith McRae,2269,31,7,23,4,89.81,222,98.0
Ryan Poloz,4425,47,31,23,2,92.86,242,180.0
Griffin McKee,2112,24,8,20,5,94.52,193,115.0
Luc Comire,5955,36,29,20,6,96.13,267,225.0
Wilkie Lewis,2358,26,10,19,2,94.03,151,160.0
Rui Carvalho,433,7,1,12,10,88.64,180,27.0
Adam O'Donnell,2808,23,14,11,1,95.79,156,183.0
Oscar Stonehouse,1844,19,9,11,6,86.96,165,97.0
Kevin Jay,749,10,3,8,2,92.06,128,60.0
Zachary Armstrong,469,7,1,8,2,95.0,116,46.0
Kelvin Huang,538,12,3,7,1,89.13,143,38.0
Jamie Millage,244,4,2,5,2,93.33,45,64.0
Curtis Campbell,108,3,1,4,2,100.0,27,64.0
Dax Miller,881,6,4,4,5,90.8,114,71.0
James McClean,269,5,4,4,0,97.14,50,67.0
Phil Turner,464,1,5,4,8,86.05,111,37.0
Adam Turcotte,583,6,1,3,4,93.1,95,60.0
Jeremy Langdon,3731,61,16,55,1,97.45,185,240.0
Brett Hulsmeyer,5711,59,22,54,8,96.25,255,243.0
Austin Taylor,5229,64,26,46,2,96.03,266,213.0
Hayden Austin-Knab,4146,46,31,37,3,95.91,234,193.0
Bobby Ley,5554,49,18,32,1,94.67,256,217.0
Aidan Downey,1066,23,7,28,7,98.2,98,149.0
Tyler Randall,813,20,2,27,11,96.05,182,62.0
Dean Ramsey,956,23,2,26,9,87.88,239,44.0
Justin Burnett,920,17,3,25,10,92.86,130,86.0
Lukas McClamrock,1162,15,12,25,16,94.48,119,119.0
Adam Miller,1874,26,14,21,6,94.01,127,160.0
Karl Ekwurtzel,2352,22,12,19,0,98.68,185,143.0
Michael Fairley,1008,14,2,18,8,94.74,165,70.0
Franky Fernandez,256,6,0,15,10,100.0,108,43.0
Matt Smith,1679,14,12,15,2,99.02,101,191.0
Trip Crowley,671,18,2,15,1,85.71,62,109.0
Christian Olsen,1831,17,15,13,3,96.54,132,150.0
Mike Kobyra,501,6,3,13,10,93.65,195,32.0
Billy O'Bryan,821,13,10,11,4,93.2,136,67.0
Bradley Seuntjens,799,8,9,10,5,96.9,186,50.0
Evan Swiatek,3425,57,28,49,5,93.06,198,190.0
Joey Wylie,4238,43,25,32,2,94.2,256,170.0
Kyle Henke,6018,51,27,32,6,91.14,292,192.0
Jackson Potts,3365,42,14,31,5,91.96,271,124.0
Jake Reinhardt,1835,31,8,31,7,92.31,222,90.0
Mark Henke,1813,26,8,28,7,93.02,213,93.0
Joshua Zdrodowski,1544,30,5,26,4,91.78,225,74.0
Matthew Armour,3128,34,22,23,6,93.46,207,154.0
Oliver Fay,1113,17,6,23,9,96.08,156,88.0
Reese Bowman,2103,27,10,21,5,92.91,184,118.0
Eric Brodbeck,2068,23,13,19,3,95.91,204,110.0
Elliott Moore,1418,22,9,19,2,93.75,123,126.0
Mick Walter,725,9,3,17,11,94.44,168,52.0
Brandon Dial,780,11,5,14,7,93.85,174,52.0
Jacob Kaplan,1873,20,6,13,2,94.32,177,107.0
Nick Loughran,503,9,4,11,5,90.32,109,52.0
Duncan Fitzgerald,3637,31,23,10,2,94.44,215,166.0
Jordan Salazar,397,6,3,8,5,90.48,68,64.0
Jake Radack,3505,25,18,7,2,93.81,188,178.0
Mark Evans,2168,23,8,7,2,90.5,100,196.0
Jeff Babbitt,3217,50,13,68,22,98.12,284,145.0
Peter Boerth,2427,43,7,36,5,93.18,189,140.0
Simon Carapella,5161,50,32,36,1,96.18,243,226.0
Orion Cable,2606,41,14,35,5,91.91,162,169.0
Tannor Johnson-Go,3457,34,17,30,6,96.17,165,226.0
Benjamin Sadok,5254,58,21,27,1,95.2,221,243.0
Rocco Linehan,418,11,6,21,12,96.91,130,54.0
Tyler Chan,3183,29,7,20,2,94.55,167,191.0
Brendan McCann,944,16,13,17,7,95.51,201,58.0
Luke Webb,821,10,1,16,7,91.18,166,53.0
Gabe Colton,701,9,3,15,8,94.44,140,59.0
Reed Browning,625,14,1,14,4,91.67,162,44.0
Gustav Haflin,645,8,4,13,10,91.43,145,50.0
Colin Sunde,2714,18,14,12,3,96.44,156,179.0
Topher Davis,634,8,9,12,4,97.59,124,65.0
Ben Katz,509,9,4,11,2,100.0,115,60.0
Jonah Stang-Osborne,1039,16,6,11,3,91.26,145,73.0
Turner Allen,739,7,5,9,4,96.77,152,55.0
Jac Carreiro,117,4,2,7,3,100.0,53,42.0
Nathanial Dick,3617,21,24,7,1,97.31,177,209.0
Allan Laviolette,6222,83,27,62,4,93.41,304,212.0
Anders Juengst,4619,68,35,53,2,95.27,262,196.0
Jacob Fairfax,5169,47,24,47,12,95.9,301,184.0
Grayson Sanner,2851,49,18,45,5,93.83,251,128.0
Henry Fisher,2172,34,7,45,17,97.44,233,117.0
Terrence Mitchell,4386,52,26,41,3,94.71,292,160.0
Tobias Brooks,4823,47,21,34,2,93.64,204,237.0
Matt Tucker,1057,18,6,33,18,90.48,217,59.0
Trevor Lynch,2041,35,15,28,6,92.82,245,91.0
Drew Swanson,828,14,7,26,13,96.55,197,58.0
Elijah Long,4437,44,30,26,4,96.51,326,145.0
Christian Belus,771,17,5,24,15,90.0,162,58.0
Ethan Bloodworth,2278,27,18,17,2,95.72,213,115.0
William Coffin,1539,22,5,17,7,88.35,247,59.0
Dylan Hawkins,1785,21,10,15,3,94.44,187,100.0
John Wellers,303,2,1,15,15,92.86,138,32.0
Alex Davis,232,6,3,12,7,96.55,107,36.0
Cooper Williams,657,5,3,10,7,93.62,170,42.0
Clint McSherry,1042,13,5,7,3,94.21,129,83.0
Ben Snell,668,9,7,5,3,94.77,116,62.0
Wilson Matthews,2632,46,13,42,4,96.0,209,148.0
Andrew Sjogren,2990,43,19,41,7,95.5,221,154.0
Nate Astrom,1489,28,6,38,19,86.17,224,69.0
Jack Shanahan,4259,55,16,33,2,93.24,210,205.0
John Lithio,4178,33,25,30,5,96.96,219,205.0
Benjamin Preiss,1403,25,8,27,7,95.83,238,72.0
Jake Rubin-Miller,1069,14,11,23,20,90.8,206,59.0
Sam Kaminsky,4332,40,29,22,4,96.19,240,189.0
Dex Dremann,5697,47,20,17,4,93.36,245,221.0
Joe Cercello,1006,14,3,17,7,90.57,113,93.0
Jesse Johnson,1210,17,6,16,7,91.36,190,66.0
Grant Harris,858,9,5,14,10,94.67,137,72.0
Jake Steslicki,1353,17,14,13,4,95.98,178,85.0
Cal Tornabene,308,2,2,11,10,96.88,99,44.0
Milan Rivas,1187,16,10,8,1,95.3,172,74.0
Jeff Weis,3132,32,18,7,1,93.93,193,158.0
Ray Mauntel,158,4,0,7,5,92.86,84,27.0
Yipeng Wang,83,1,0,4,4,100.0,35,39.0
Joel Willison,214,3,0,3,4,81.82,65,28.0
Nick Pappas,241,3,1,3,5,86.96,112,20.0
Noah Coolman,4337,53,19,44,11,93.18,223,201.0
Alex Atkins,6691,67,35,43,11,94.28,282,241.0
Mathieu Agee,553,12,4,22,11,96.15,144,57.0
Nicholas Snuszka,514,15,3,21,8,97.06,135,58.0
Quinn Finer,2316,28,11,21,0,95.81,101,247.0
Zeke Thoreson,2313,27,14,20,2,96.88,155,165.0
Dennis Bechis,1181,18,6,17,1,98.06,121,117.0
Sam Goldstein,1191,20,6,17,8,91.41,157,80.0
Saeed Semrin,2143,24,8,17,4,90.83,183,112.0
Logan Pruess,1032,17,5,16,1,97.65,132,94.0
Thomas Brewster,1020,17,7,16,0,98.25,121,104.0
Seth Faris,545,13,3,15,4,92.31,148,45.0
Nanda Min-Fink,3171,26,19,13,1,96.09,165,197.0
Jay Froude,1192,11,11,12,4,98.06,145,95.0
Sandy Brown,847,11,3,12,5,94.23,170,55.0
Alex Tatum,2327,20,10,11,8,87.58,192,104.0
Kai Marshall,512,4,4,11,11,90.0,148,38.0
Chance Cochran,1053,11,6,10,2,95.0,119,94.0
David Yu,814,6,6,8,5,98.06,148,63.0
Matt Jackson,783,11,5,8,1,97.3,153,59.0
Cole Jurek,4161,50,20,45,9,95.96,280,164.0
Tyler Monroe,4034,54,27,43,2,95.14,212,208.0
Elliot Bonnet,3869,44,15,37,6,94.86,186,220.0
Jonny Malks,4859,59,18,36,2,94.22,186,268.0
Thomas Edmonds,1928,34,10,32,7,93.4,194,112.0
Miles Grovic,1042,19,6,28,9,100.0,147,100.0
Gus Norrbom,2792,29,22,25,1,98.68,167,192.0
AJ Merriman,1470,18,4,24,10,89.47,214,69.0
Jeff Wodatch,3233,28,16,23,3,96.59,211,163.0
Jacques Nissen,3409,29,20,21,3,96.09,192,186.0
Jasper Tom,775,18,4,21,8,93.44,146,67.0
Rowan McDonnell,3348,33,19,21,5,94.89,196,176.0
Charlie McCutcheon,778,13,6,19,6,100.0,210,51.0
David Bloodgood,1345,15,13,17,14,93.22,185,79.0
Rhys Bergeron,822,14,6,16,9,92.21,201,47.0
Troy Holland,587,12,4,14,5,94.34,91,80.0
Andrew Roy,5121,28,28,12,2,96.56,252,204.0
Kevin Healey,817,11,3,12,4,95.24,139,66.0
Jace Dean,701,6,4,11,6,98.11,175,48.0
Luke Rehfuss,646,9,3,10,4,94.44,125,58.0
Brendan Gessner,2560,33,11,35,5,97.7,273,110.0
Terry Gaither,1596,27,4,22,6,91.14,232,71.0
Carson Chamberlain,2591,26,14,21,3,96.03,172,161.0
Gregory Moreno,1573,15,10,18,11,94.81,224,76.0
Colin Beauregard,1786,18,6,15,13,90.71,223,77.0
Jake Felton,7347,85,17,12,9,83.24,263,211.0
Jordan Hill,1087,12,4,9,4,96.0,140,83.0
Marco Dewey,1524,12,4,9,4,95.87,173,91.0
Nathan Ploeger,1281,15,7,9,2,87.5,117,97.0
Aiden Rudy,1770,21,3,8,5,85.6,206,71.0
Nic Lanas,1691,16,7,8,2,93.1,155,106.0
Elliot Davis,967,10,2,7,5,86.21,105,79.0
James Kloss,1159,11,10,6,7,83.13,189,49.0
Justin Wollin,2125,15,8,6,6,93.69,184,110.0
Bradley Kennis,1051,5,5,4,5,92.13,131,75.0
Richard Ware,419,5,3,3,2,97.37,162,29.0
Anderson Cañon,367,1,1,0,1,95.65,35,99.0
Christopher O'Brien,50,1,0,0,0,100.0,17,32.0
Caleb Texeira,340,2,1,0,1,95.65,49,67.0
Jack Bembenek,199,1,0,0,1,84.62,22,67.0
Ben Lewis,4730,64,21,54,15,91.63,263,183.0
Jimmy Zuraw,4221,54,19,36,9,93.02,254,169.0
Kyle Kolafa,1247,20,3,27,10,93.48,136,106.0
Zachary Cotter,1309,17,3,15,9,83.87,177,63.0
Brian Gfroerer,1939,21,18,13,4,93.64,208,96.0
Bryan Downey,1445,13,6,11,5,86.59,90,139.0
Dane Bossert,1142,11,7,11,8,89.86,117,94.0
Steven Kelly,706,10,2,9,6,87.5,107,62.0
Shaun Seidenberger,1641,15,6,9,5,92.45,159,99.0
Xavier Daniel,324,6,0,7,3,100.0,58,74.0
Mitch Lutz,806,10,3,6,1,93.65,50,164.0
Brendan Adams,2113,17,15,5,7,88.08,251,72.0
Cam Albin,404,6,1,5,0,95.65,27,166.0
Dylan Zeringue,1115,9,6,4,4,89.83,129,78.0
Garrett Wilson,563,7,2,4,1,96.59,84,72.0
Matt Bennett,2972,31,12,4,6,90.7,207,129.0
Marshall Dinges,603,5,4,4,2,97.37,83,79.0
Max Grove,1424,12,10,4,4,91.82,145,92.0
Caiden Burt,985,6,9,3,8,91.18,220,42.0
Corey Tolbert,412,5,1,2,1,80.0,60,50.0
Levi Jacobs,4838,53,18,40,2,96.7,216,242.0
Seth Gudeman,2166,35,16,39,10,96.17,259,101.0
Cameron Brock,3847,47,23,35,4,96.26,235,180.0
Xavier Payne,3187,37,22,31,7,96.51,217,164.0
Lucas Coniaris,5121,41,25,22,5,95.81,226,231.0
Cam Thatcher,1336,24,4,20,3,89.32,124,108.0
Rick Gross,2600,26,19,19,3,98.01,210,138.0
Drew Happe,1212,16,11,18,6,97.79,202,73.0
Travis Carpenter,3671,31,13,17,3,96.17,201,187.0
Ben Close,544,9,2,16,8,94.44,155,45.0
Joel Close,559,9,5,15,8,100.0,141,57.0
Carter Hawkins,1886,20,7,14,6,95.0,187,105.0
Robby Davenport,678,10,5,14,6,98.59,118,75.0
Ben Landry,2443,14,10,13,8,96.21,175,144.0
Nick Hutton,829,14,5,13,12,88.66,163,52.0
Nicholas Betsch,1982,20,8,12,4,93.82,133,149.0
Jeremiah Branson,1462,13,5,10,1,95.35,118,127.0
William Wettengel,643,11,1,10,6,88.89,107,60.0
Tanner Graham,391,6,3,9,4,100.0,145,37.0
Jack Galle,312,5,1,8,5,93.94,96,40.0
Sean McDougall,3813,59,19,57,14,92.99,282,147.0
James Franklin,3216,43,8,42,7,94.29,241,144.0
Everest Shapiro,3949,39,18,30,10,91.63,232,165.0
Pawel Janas,5963,53,40,29,2,95.77,254,243.0
Bryan Nguyen,2200,23,6,23,2,97.56,140,175.0
Michael Kiyoi,2854,31,17,23,3,95.86,224,137.0
Brent George,2482,32,15,21,0,94.15,212,122.0
Sam Cook,2821,30,13,19,1,95.19,183,160.0
Mitchell Steiner,1609,18,10,18,15,90.1,247,65.0
Daniel Brunker,2265,22,10,11,0,94.32,93,242.0
Milan Ravenell,816,10,7,9,6,87.18,146,52.0
Jason Lee,287,4,2,8,5,100.0,128,32.0
Andrew Padula,226,5,1,7,5,95.65,159,19.0
Garrett Santi,988,9,7,7,10,82.05,186,42.0
Eddie Finley,45,0,0,5,7,100.0,104,11.0
Kobi McCracken,2033,18,7,3,1,94.35,209,93.0
Marshall Wildmann,475,4,2,3,3,92.0,68,68.0
Isaac Hsu,91,1,0,2,2,88.89,27,35.0
Isamu Kawaguchi,168,5,4,2,1,92.0,83,24.0
Brandon Van Deusen,351,3,2,1,0,94.44,22,156.0
Anthony Gutowsky,2936,61,8,64,15,91.89,289,116.0
Pieran Robert,1613,40,11,50,11,98.25,238,97.0
Gabe Vordick,3149,38,10,39,6,97.13,206,174.0
Mitchell McCarthy,2730,38,17,38,17,91.67,284,101.0
Luke Marks,1198,28,3,36,16,92.06,219,68.0
Jack Nelson,2320,34,9,33,4,95.71,174,151.0
Sterling Knoche,1141,18,7,31,16,96.0,231,64.0
Jake Carrico,1768,25,13,30,16,91.23,201,95.0
Joe Leibforth,1101,19,2,26,13,80.56,201,48.0
Kelsen Alexander,2459,27,14,23,6,92.75,209,120.0
Max Sample,2745,27,14,20,4,95.03,164,174.0
Avery Johnson,1447,18,10,19,4,96.49,118,141.0
Joshua Wilson,2240,24,9,18,9,93.06,188,120.0
Mac Weber,1572,16,16,18,11,94.44,253,68.0
Ted Schewe,2773,25,10,12,3,92.51,181,145.0
Victor Luo,3016,26,16,12,6,93.13,236,124.0
Jacob Wham,532,9,4,9,5,92.59,110,55.0
Andrew Meshnick,353,6,0,8,4,90.91,123,32.0
Matt Grinde,243,6,3,7,2,100.0,64,57.0
Noah Nicol,852,6,5,6,3,96.49,84,108.0
Bryan Vohnoutka,3738,54,27,55,8,93.26,277,148.0
Gordon Larson,4645,55,30,45,4,93.51,234,207.0
Dylan DeClerck,1376,33,2,38,9,90.0,221,72.0
Jordan Taylor,3037,39,14,29,2,91.6,185,163.0
Tristan Van de Moortele,3407,43,21,26,11,92.05,277,123.0
Colin Berry,2836,36,11,25,5,87.1,181,140.0
Noah Hanson,1002,17,7,23,13,88.68,187,58.0
Leo Sovell-Fernandez,3816,30,11,22,2,96.11,248,158.0
Quinn Snider,1766,28,9,22,2,93.83,138,139.0
Bret Bergmeier,1933,30,14,21,9,87.4,192,95.0
Paul Krenik,1285,18,10,20,5,97.5,209,74.0
Brandon Matis,795,9,2,19,15,91.23,213,42.0
Matthew Rehder,2672,21,18,19,14,88.24,190,127.0
Anthony Jirele,626,11,6,18,8,96.55,170,50.0
William Brandt,3990,41,15,17,7,92.29,186,204.0
Matej Petrovic,363,8,3,15,9,90.91,103,47.0
Cameron Lacy,1109,16,13,14,12,90.0,237,49.0
Josh Klane,5012,49,18,13,1,90.66,246,183.0
Greg Cousins,1842,19,13,12,2,92.5,141,129.0
Thomas Shope,395,2,1,12,12,91.3,117,40.0
Tobe Decraene,5737,69,25,54,18,91.71,267,214.0
Quentin Bonnaud,4145,54,20,47,5,94.76,246,182.0
Philippe Le Bourdais,1581,31,7,25,1,90.63,171,97.0
William St-Pierre,2608,31,16,24,3,93.71,218,124.0
Antoine Dubé,798,12,4,16,10,90.0,173,50.0
Christophe Tremblay-Joncas,1820,18,7,16,9,93.13,198,93.0
Kevin Quinlan,2693,36,10,16,1,90.0,216,116.0
Jacob Duquette,916,16,5,15,6,93.62,157,66.0
Charles Guay,1085,15,9,13,9,91.54,227,50.0
Julien Bernat,1409,7,8,9,10,95.24,202,72.0
Raphaël Lalonde-Landry,933,13,8,9,3,93.81,140,71.0
Sam Warrick,463,3,2,8,6,87.1,127,35.0
Melvyn Brichet,563,8,3,7,4,86.36,96,54.0
Thomas Lalonde-Landry,434,9,3,7,3,83.72,112,36.0
Antoine Rousseau,3047,20,13,6,2,94.38,155,188.0
Liam McKeown,397,8,3,6,0,96.43,66,72.0
Calvin Coulbury,1125,7,5,3,1,96.34,115,98.0
Jeremie Giard,216,3,1,3,1,84.62,31,62.0
Kevin Groulx,2724,25,13,3,1,90.4,158,152.0
Jakob Brissette,2772,18,15,2,1,92.96,113,226.0
Ben Jagt,3407,54,15,54,7,96.41,242,166.0
Jack Williams,4882,60,31,47,5,94.43,288,180.0
Oliver Chartock,4281,46,23,37,4,94.76,244,184.0
Elliott Chartock,3864,53,15,34,0,95.98,194,216.0
Charles Weinberg,4629,45,37,31,3,95.34,236,206.0
Jeff Holm,1865,29,10,29,4,95.41,188,114.0
John Randolph,2097,30,14,28,6,95.29,156,152.0
Ethan Fortin,2496,25,16,19,4,96.73,200,136.0
Liam Haberfield,1599,22,5,18,7,89.38,176,88.0
Axel Agami,382,11,2,17,6,100.0,123,51.0
Antoine Davis,668,9,2,16,11,86.49,174,39.0
Bretton Tan,263,7,2,14,7,100.0,110,42.0
Matt LaBar,856,15,6,13,3,91.67,152,61.0
Ryan Drost,503,10,1,13,5,93.55,148,41.0
Sam Jonas,765,9,4,11,5,96.67,129,69.0
Mike Drost,453,7,3,10,4,95.45,152,37.0
Angelo Olcese,621,6,6,7,2,98.73,74,100.0
Robert Elston,252,4,1,7,3,100.0,29,122.0
Sean Keegan,646,8,2,7,0,97.92,34,216.0
Connor Russell,372,8,2,6,2,85.19,75,47.0
Walker Frankenberg,4883,56,23,40,4,93.23,232,213.0
Jake Thorne,2391,40,14,37,4,92.16,226,114.0
Dylan Burns,2998,36,14,30,3,95.74,272,120.0
Raekwon Adkins,2761,37,15,30,1,95.81,149,205.0
Evan Magsig,7088,56,42,29,9,94.18,302,232.0
Jason Vallee,3064,40,23,28,3,95.24,213,156.0
Lincoln Grench,1010,24,5,22,5,92.86,158,76.0
Aaron Rosenthal,941,16,8,21,9,89.13,184,56.0
Max Williams,1778,24,11,19,2,95.28,155,126.0
Robin Vickers Batzdorf,679,16,10,19,11,92.81,275,32.0
Daniel Ritthaler,1413,22,4,18,6,92.99,171,88.0
Matthew Burke,996,11,4,18,10,94.0,220,51.0
Wyatt Berreman,502,8,5,14,8,93.1,206,31.0
Aidan Curry,1332,17,3,13,3,94.25,137,102.0
Eli Kerns,1137,19,4,9,6,85.44,124,80.0
Ridge Huang,1707,16,10,9,1,95.53,87,202.0
Chris Lung,3163,34,16,8,4,90.76,177,163.0
Jace Bruner,455,5,5,8,7,88.64,118,40.0
Morgan Sommer,758,5,6,8,8,87.23,132,53.0
Jonah Malenfant,417,5,2,7,4,89.47,97,44.0
Max Trifillis,1664,31,5,42,16,94.68,255,81.0
Dmitry Suvorov,2326,33,16,27,1,97.69,159,171.0
James Pollard,3431,33,14,27,15,88.69,228,137.0
Paul Owens,2346,32,14,24,4,95.36,229,112.0
Scott Heyman,2311,27,12,22,4,94.12,111,218.0
Sean Mott,4324,47,23,22,0,94.27,225,193.0
Greg Martin,1520,19,7,19,4,96.88,168,103.0
Eric Witmer,1342,14,10,17,6,96.92,255,61.0
Matt Hanna,1075,15,3,15,4,94.92,156,77.0
Brandon Pastor,943,11,6,14,3,100.0,135,87.0
Eric Nardelli,740,13,5,13,3,92.98,147,57.0
Calvin Trisolini,2524,18,8,12,3,95.69,134,190.0
Mike Campanella,902,10,6,10,4,97.22,151,68.0
Nate Little,1107,13,5,10,4,87.5,118,85.0
Trevor Griesman,402,7,5,10,5,95.52,86,61.0
Kainoa Chun-Moy,556,8,5,8,2,98.44,79,87.0
Ethan Holmgren,254,5,1,5,3,90.48,72,39.0
Jordan Rhyne,3885,30,16,5,2,94.7,204,183.0
Michael Maroon,885,6,5,5,1,95.56,61,149.0
Andres Rodriguez,653,9,5,4,1,92.75,80,82.0
Anson Reppermund,2408,27,14,24,10,92.96,206,121.0
John McMonigal,2554,30,17,23,2,97.56,185,156.0
Anil Driehuys,3056,33,7,22,2,92.92,141,213.0
Jimmy Towle,2896,28,18,21,2,98.25,217,149.0
Pete Zaccardi,1689,24,2,18,8,88.24,218,72.0
Carl Johnson,1205,18,5,16,7,92.19,164,78.0
Logan Call,768,13,1,16,5,96.77,148,64.0
Alex Mullen,1153,16,12,15,2,94.64,99,131.0
Zac Byrnes,464,8,3,15,9,95.45,78,81.0
Charlie Vukovic,1014,11,5,11,9,90.63,137,74.0
Max Sheppard,2347,29,2,11,4,84.93,142,133.0
Kenny Furdella,745,10,4,10,1,97.87,90,98.0
Joe Molder,279,7,2,8,2,100.0,84,49.0
Kevin Nicholl,683,7,3,7,2,95.56,96,77.0
Michael Dillard,622,9,6,7,3,96.3,170,42.0
Marcel Oliart,2133,18,9,7,0,92.09,131,151.0
Will Hoffenkamp,2725,26,17,7,4,93.62,158,168.0
Andrew Thompson,272,5,3,6,3,91.67,42,76.0
Chris Graber,439,6,1,6,1,92.86,63,73.0
Jonathan Mast,4054,27,21,6,3,93.92,209,184.0
Henry Wayte,3004,39,19,33,7,95.0,225,146.0
Scott Radlauer,3414,35,14,31,10,94.31,204,174.0
Ben Thoennes,4601,53,14,24,6,84.82,244,153.0
Quinn Buermeyer,2311,21,13,18,6,95.48,262,93.0
Nate Knutson,1339,19,5,17,5,95.59,225,67.0
Conner Stillwell,3366,28,12,16,1,92.62,216,148.0
Felix Moren,2448,27,5,15,3,85.71,111,183.0
Josh Moore,1728,23,8,12,1,91.04,135,123.0
Duncan McNally,729,7,5,9,4,96.08,183,45.0
Julian Saunt,498,8,2,8,5,81.82,104,41.0
Theo Schaid Hefley,432,5,2,7,2,96.43,65,78.0
Antonio Rueda,2072,17,17,5,4,92.66,250,79.0
Dan Baumgartner,288,6,1,5,3,78.95,112,21.0
Lucas Henry,178,4,2,5,1,100.0,37,70.0
Zach Heiden,461,9,1,5,3,78.95,110,32.0
Bram Allahdadi,511,5,1,4,5,91.11,174,28.0
Jon Snyder,1946,19,11,4,1,94.18,177,107.0
Will Dillender-Kinast,44,3,0,4,2,75.0,27,22.0
Nick Redmond,1302,13,5,3,1,92.57,151,81.0
Caleb Campbell,916,6,4,2,3,93.15,142,61.0
Jordan Kerr,3905,50,26,44,5,96.27,231,190.0
Chad Yorgason,2369,39,6,41,17,89.31,303,80.0
Jace Duennebeil,3060,43,6,35,4,94.12,218,149.0
Joe Merrill,1788,29,12,30,7,94.52,246,84.0
Simon Dastrup,1228,24,4,28,9,91.07,191,73.0
Jacob Miller,3978,32,45,27,3,98.25,237,189.0
Matt Russnogle,1164,25,3,26,6,84.62,185,61.0
Sean Connole,3397,41,11,26,8,92.47,224,150.0
Ben Field,2952,40,9,23,2,90.53,187,150.0
Jonny Hoffman,1072,13,8,23,10,97.14,161,84.0
Kyle Weinberg,1061,19,3,21,4,94.67,150,83.0
Ben Ashton,1812,23,18,19,9,91.33,203,92.0
Tony Mounga,1025,22,3,19,9,76.47,158,50.0
Will Selfridge,1715,21,7,17,3,92.79,85,206.0
Elijah Jaime,1328,23,6,16,1,94.51,130,112.0
Nathan Huff,772,12,9,14,7,92.77,167,53.0
Grant Lindsley,2762,25,11,13,3,93.31,207,130.0
McKay Yorgason,2296,16,13,9,1,97.15,172,139.0
John Hanni,128,6,1,8,2,100.0,60,41.0
Zach Burnside,328,6,3,7,1,100.0,27,165.0
Travis Dunn,6430,79,28,59,8,91.98,304,211.0
Stefan Samu,2299,28,13,32,10,95.12,210,123.0
Max Gibson,2796,35,16,23,8,87.5,215,118.0
Thomas Konogeris,698,22,1,23,2,100.0,90,116.0
Casey Wu,1925,30,12,22,1,92.39,136,148.0
Michael Tran,1429,19,12,20,7,95.2,145,113.0
Oliver Artus,1638,25,4,19,2,89.06,153,103.0
Peter Lenz,3336,32,13,19,3,93.94,196,169.0
Matt Miller,5962,41,30,18,6,94.22,252,229.0
KJ Koo,1586,19,7,16,1,93.14,64,255.0
Kyle Rubin,3076,25,24,15,0,93.55,188,162.0
Casey Shugarman,480,8,2,14,10,93.75,188,32.0
Jimmy McGuinness,356,11,1,13,3,94.74,135,37.0
Tynan Sander,792,12,2,13,3,96.3,158,59.0
Caden Sigerud,593,10,2,11,1,100.0,99,77.0
Maxwell Hume,1471,15,7,11,1,92.13,152,95.0
Marshall Crawford,577,5,1,9,6,92.59,93,66.0
Ethan Li,1138,12,14,6,6,90.0,192,57.0
Bryce Lozinski,2395,19,15,5,2,93.85,223,103.0
Daniel Pryke,116,2,0,5,4,91.67,71,22.0
Garrett Martin,5053,82,22,69,6,92.34,311,172.0
Lukas Ambrose,2946,45,12,69,34,93.75,323,109.0
Zeppelin Raunig,4748,58,21,55,7,97.74,285,191.0
Mikey O'Brien,1720,32,15,48,20,96.77,262,89.0
Jasper Dean,2281,31,19,39,19,95.0,258,104.0
Khalif El-Salaam,3359,47,19,37,8,91.67,277,124.0
Spencer Lofink,4992,62,27,37,2,94.35,278,186.0
Tony Goss,1426,21,12,28,12,96.43,229,77.0
Tommy Li,2624,36,13,26,4,91.41,213,123.0
Jack Brown,2318,28,8,24,6,91.21,225,102.0
Aaron Wolf,3457,33,28,23,11,93.42,291,121.0
Derek Mourad,1870,22,13,20,2,97.81,147,146.0
Gavin Leahy,1735,21,11,17,2,94.06,150,122.0
Marc Munoz,2054,22,15,14,2,95.91,169,130.0
Cedar Hines,618,7,2,13,7,97.56,118,65.0
Dominic Jacobs,602,10,1,10,4,89.66,144,43.0
Shane Worthington,793,9,4,10,7,90.74,168,48.0
Kenny Lane III,353,5,6,7,3,97.06,110,42.0
Phillip Korolog,487,7,4,7,4,89.66,88,57.0
Emmet Shipway,223,5,0,4,2,78.95,91,20.0
Zachary Armstrong,1398,28,3,41,17,90.38,214,77.0
Ryan Poloz,3769,42,14,31,1,96.13,215,187.0
Nathan Hsieh,1200,25,5,23,3,89.74,120,107.0
Kelvin Huang,2267,29,13,22,2,96.62,206,122.0
Griffin McKee,2662,31,13,21,2,92.78,238,112.0
Cameron Kennedy,2233,27,9,19,3,90.91,176,123.0
Oscar Stonehouse,1771,24,8,19,5,90.72,115,153.0
Luc Comire,2680,24,17,16,4,94.74,130,211.0
Akifumi Muraoka,3629,29,17,14,7,89.19,143,223.0
Adam Turcotte,3970,25,16,14,4,94.69,207,187.0
Dax Miller,2880,21,18,14,12,92.17,214,129.0
Phil Turner,707,7,1,14,11,92.86,76,104.0
Keith McRae,2930,25,8,13,1,90.0,175,149.0
Kevin Tong,402,7,0,13,9,90.48,121,40.0
Rui Carvalho,995,10,8,8,3,93.59,128,80.0
Kevin Jay,585,6,2,6,4,94.03,123,50.0
Adam O'Donnell,1813,14,12,5,2,95.81,116,158.0
Martin Shiu,89,2,1,4,3,66.67,72,9.0
Jackson McKee,309,2,0,3,2,94.74,86,37.0
Oren Binnun,649,6,1,3,1,92.73,76,81.0
